sha256,sha1,md5,vhash,file_type,size_bytes,first_seen,last_seen,scan_date,positives,total_engines,detection_ratio,risk_category,times_submitted,unique_sources,community_reputation,malicious_votes,harmless_votes,itw_url_count,tags,submission_names,source_file
0023caa7b5fbf2f376c1378b682db5c819b58cec62dbbbc39cb3f832ba700467,30ddb856db8477059f6a1f4048f922663cde76de,2e796091b20671a13c4e1e9b2f4e126a,cae9663cc552d87c5379e5692f09b5c3,Android,4415354,2021-04-15 04:36:50,2021-04-15 04:36:50,2021-04-15 04:36:50,19,60,0.31666666666666665,suspicious,1,1,0,0,0,0,apk|android,2e796091b20671a13c4e1e9b2f4e126a.virus,VTAndroid/0023caa7b5fbf2f376c1378b682db5c819b58cec62dbbbc39cb3f832ba700467.json
01b28ec126367043ab4981f455fa5e4773ee2502a5d81f7c2157f271215fdf9a,5d38ad666859832f40811d074347482b1d2cce96,7a16e291b3a82a1dae5006bbff8f35f4,7596fdd04dba990373ab2f3da0c7dd3f,Android,2337036,2021-03-20 22:55:59,2021-04-15 03:12:27,2021-04-15 03:12:27,16,59,0.2711864406779661,suspicious,3,2,0,0,0,0,dex|android,/home/farm/anteroom/01b/28e/01b28ec126367043ab4981f455fa5e4773ee2502a5d81f7c2157f271215fdf9a|classes.dex,VTAndroid/01b28ec126367043ab4981f455fa5e4773ee2502a5d81f7c2157f271215fdf9a.json
038971213ac06ad20b7cb24fe5f8ffd735d46948eb30d3dab30ab7dc47cf3e0d,7f345305d687f9542ad17e3d86b0e4d27ada56c8,dd04763f011fe46b84252f905408881f,e9f2ff2fc2ab73dcce7e9b614dcae1ea,Android,4804231,2021-04-15 04:36:41,2021-04-15 04:36:41,2021-04-15 04:36:41,23,59,0.3898305084745763,suspicious,1,1,0,0,0,0,apk|android,dd04763f011fe46b84252f905408881f.virus,VTAndroid/038971213ac06ad20b7cb24fe5f8ffd735d46948eb30d3dab30ab7dc47cf3e0d.json
03e05bc96ee05d9ced41ae39db9169c9bb858ec171573688a95d53237d0dfaf0,a45e5dac6f2a85b91f91c068b20d231f7668dcc8,af48235b37f7fa9a413742ea816e6e23,cae9663cc552d87c5379e5692f09b5c3,Android,4414926,2021-04-15 04:36:29,2021-04-15 04:36:29,2021-04-15 04:36:29,21,62,0.3387096774193548,suspicious,1,1,0,0,0,0,apk|android|mysql-communication,af48235b37f7fa9a413742ea816e6e23.virus,VTAndroid/03e05bc96ee05d9ced41ae39db9169c9bb858ec171573688a95d53237d0dfaf0.json
0484ab1177e47847dff16838b79037fe3ade1a73053415407403941642eebcc5,362f18d9f6f5d5afcedd320e4cd8a3b75ae995f7,0fbb17dbe716bc84d764d5619c6c1636,4298748b077732ced8f7066569b0687b,Android,6131732,2019-10-05 05:48:15,2021-04-15 04:20:02,2021-04-15 04:20:02,15,64,0.234375,suspicious,20,2,0,0,0,1,reflection|apk|contains-elf|telephony|via-tor|android,0fbb17dbe716bc84d764d5619c6c1636.apk|362f18d9f6f5d5afcedd320e4cd8a3b75ae995f7.apk|655084867628.apk,VTAndroid/0484ab1177e47847dff16838b79037fe3ade1a73053415407403941642eebcc5.json
05e239d23daa70ffc21f04ecf5a8056b2b30ce71298ee9b7518a9608b8487af6,3b8fbd338d421a5587bdac20ff0356a58a65c844,5b5a5acc6912448d4c6a62d19c638eb2,cae9663cc552d87c5379e5692f09b5c3,Android,4415359,2021-04-15 04:36:28,2021-04-15 04:36:28,2021-04-15 04:36:28,20,62,0.3225806451612903,suspicious,1,1,0,0,0,0,apk|android,5b5a5acc6912448d4c6a62d19c638eb2.virus,VTAndroid/05e239d23daa70ffc21f04ecf5a8056b2b30ce71298ee9b7518a9608b8487af6.json
093b2fb65a6f695548bdadc3090e67934b54c38b29b52676b55993a5cc51dc4e,72793aed12c566a1cf808f2ee04cb04df04ff6df,5dd40703ec257dc7209e586159fcb927,034387f789a1ce3bb3c1cf0c7cf07277,Android,7507931,2019-07-04 20:20:53,2021-04-15 03:30:28,2021-04-15 03:30:28,17,61,0.2786885245901639,suspicious,26,3,0,0,0,1,telephony|android|apk|reflection|via-tor,5dd40703ec257dc7209e586159fcb927.apk|72793aed12c566a1cf808f2ee04cb04df04ff6df.apk|086599722011.apk|/vdepot2/apk/5D/D4/5DD40703EC257DC7209E586159FCB927,VTAndroid/093b2fb65a6f695548bdadc3090e67934b54c38b29b52676b55993a5cc51dc4e.json
0980e36170fb006a160fd1ed9da8e650c073f153113f5f21af411ddbfc89b1aa,f8eb304b9b87fb378817ac1834390f4db73ae4d7,219f3a6ab3d5d86b84ae9f14a33b42d6,bb6cc2074171affbc094470b033d2cef,Android,5816900,2019-10-16 00:56:04,2021-04-15 04:39:04,2021-04-15 04:39:04,17,62,0.27419354838709675,suspicious,22,2,0,0,0,1,apk|android|reflection|via-tor,219f3a6ab3d5d86b84ae9f14a33b42d6.apk|327999877629.apk,VTAndroid/0980e36170fb006a160fd1ed9da8e650c073f153113f5f21af411ddbfc89b1aa.json
0a1b025e02dd45f7c1cd597187ee21039cbe9cefc9827ebdec5e9bfe1f6baa1a,860d82fb8ee85cf2a9bfc9a03c2937a581b8f2e7,9ac83d6f63ba062dd226a3c83a2314c6,cae9663cc552d87c5379e5692f09b5c3,Android,4415461,2021-04-15 04:39:17,2021-04-15 04:39:17,2021-04-15 04:39:17,18,61,0.29508196721311475,suspicious,1,1,0,0,0,0,apk|android,9ac83d6f63ba062dd226a3c83a2314c6.virus,VTAndroid/0a1b025e02dd45f7c1cd597187ee21039cbe9cefc9827ebdec5e9bfe1f6baa1a.json
0a47052bc1a94a33dd120c148690ceb5257c0ef2a3a7332827c1457f0b109334,42779a05fe1155babf40708928d6f89b9222ba09,69786f603cf2534fb88f9d0f8b453aa7,cae9663cc552d87c5379e5692f09b5c3,Android,4415367,2021-04-15 04:37:30,2021-04-15 04:37:30,2021-04-15 04:37:30,18,60,0.3,suspicious,1,1,0,0,0,0,apk|android,69786f603cf2534fb88f9d0f8b453aa7.virus,VTAndroid/0a47052bc1a94a33dd120c148690ceb5257c0ef2a3a7332827c1457f0b109334.json
0b188608b5d7e4793d8ea2a9f039667f25088d89a008ebd401b5b765f7c86511,e433897ec1352d4b363932b922f3e5a88dc30fb8,d7e2b69e013405dc8da11320bdbe1f84,0e76fbf01fbf96f4db8b543c3c1ed34a,Android,2637601,2019-10-05 08:08:30,2021-04-15 03:18:18,2021-04-15 03:18:18,23,61,0.3770491803278688,suspicious,20,2,0,0,0,1,apk|android|reflection|via-tor,d7e2b69e013405dc8da11320bdbe1f84.apk|e433897ec1352d4b363932b922f3e5a88dc30fb8.apk|050441596690.apk,VTAndroid/0b188608b5d7e4793d8ea2a9f039667f25088d89a008ebd401b5b765f7c86511.json
0b3b89a0a30cf5186f1b099dedd249dea963654d3ae75785cbb1cf33d016dc9e,4c77ed4f30fa997d8c0bca6f0a7eff6788f351df,7972db1715b85a9445ca59dd4ad25a67,aa9af4da2839c25d3c5f38e424eeb412,Android,5107837,2021-04-15 03:06:53,2021-04-15 03:06:53,2021-04-15 03:06:53,23,62,0.3709677419354839,suspicious,1,1,0,0,0,0,apk|android,/vdepot0/apk/79/72/7972DB1715B85A9445CA59DD4AD25A67,VTAndroid/0b3b89a0a30cf5186f1b099dedd249dea963654d3ae75785cbb1cf33d016dc9e.json
0ba21d5d85070647b911e7fe7bd656034748b9f477d605fe7a656b0c6c240fee,17d6598146e08b52af2fde912250e0d1cb429e80,5b004566ca853e5cd854308211fceff4,7f1b62fa148cc4d50e05d55341eac396,Android,2385902,2019-10-05 03:15:44,2021-04-15 04:44:08,2021-04-15 04:44:08,24,60,0.4,suspicious,20,2,0,0,0,1,apk|android|reflection|via-tor,5b004566ca853e5cd854308211fceff4.apk|17d6598146e08b52af2fde912250e0d1cb429e80.apk|039206397805.apk,VTAndroid/0ba21d5d85070647b911e7fe7bd656034748b9f477d605fe7a656b0c6c240fee.json
0c21594b48791627937d66d919d40fdba14f89aa7e73d7b87fa336f416ca8a78,1e559f1b1ffc95ccbcd8bef756d63a6d9fc0f0c5,15460ddaaf40427e9612019b0765afa5,cae9663cc552d87c5379e5692f09b5c3,Android,4415226,2021-04-15 04:39:12,2021-04-15 04:39:12,2021-04-15 04:39:12,20,58,0.3448275862068966,suspicious,1,1,0,0,0,0,apk|android,15460ddaaf40427e9612019b0765afa5.virus,VTAndroid/0c21594b48791627937d66d919d40fdba14f89aa7e73d7b87fa336f416ca8a78.json
0d9671866bef562e771d0621451d87e72e558c2286991331e8ffb0c869860859,b38e258728517ebc0aa72f432de2d7950e399bf3,8d13ccbe94d37e3e88d012fba3536bc6,822e0bbbd22987737d9470bab60f1ac6,Android,2713876,2021-03-20 10:42:53,2021-04-15 04:20:14,2021-04-15 04:20:14,17,62,0.27419354838709675,suspicious,18,1,0,0,0,0,obfuscated|apk|android|reflection|mysql-communication,8d13ccbe94d37e3e88d012fba3536bc6.apk,VTAndroid/0d9671866bef562e771d0621451d87e72e558c2286991331e8ffb0c869860859.json
0ed004505301e8a17229a739274d64820c035ab0bca3b112eca1aeb566134eaa,bb43c9e43e62e5568ebd4bb646a51feee9d256b3,ea40d4f4e952a3f77408888e0df29b4d,cae9663cc552d87c5379e5692f09b5c3,Android,4415367,2021-04-15 04:39:40,2021-04-15 04:39:40,2021-04-15 04:39:40,19,60,0.31666666666666665,suspicious,1,1,0,0,0,0,apk|android,ea40d4f4e952a3f77408888e0df29b4d.virus,VTAndroid/0ed004505301e8a17229a739274d64820c035ab0bca3b112eca1aeb566134eaa.json
103589c3533b7040fd5c24e27469dddd829f635269aad8e198fb9fec93cfbd8f,4a2adf65225cc7d5e8f4d6a4850fa64674d19b4d,53de00cc879e24abd5d8768e1a7c3a90,ea1199d3fb2f97018690ffcb695d8c80,Android,3459354,2019-10-15 16:50:39,2021-04-15 04:47:23,2021-04-15 04:47:23,17,61,0.2786885245901639,suspicious,21,2,0,0,0,1,apk|android|via-tor,53de00cc879e24abd5d8768e1a7c3a90.apk|256033476588.apk,VTAndroid/103589c3533b7040fd5c24e27469dddd829f635269aad8e198fb9fec93cfbd8f.json
10b2b6b074838d066a676231dc6dc5c7fa90480aea51473d85e91b12922fc454,c05c75d2cb63a6c7874ea4ed388e46f59171d44f,45b35a0c179da8c973c73f318835391b,8997ef7cc433ba5a92e7c0300e8b557c,Android,8481139,2019-09-30 23:05:49,2021-04-15 04:24:28,2021-04-15 04:24:28,17,60,0.2833333333333333,suspicious,4,3,0,0,0,1,apk|android|contains-elf,/var/www/clean-mx/virusesevidence/output.156927676.txt|com.djduoduo.crosstalk.apk|/vdepot2/apk/45/B3/45B35A0C179DA8C973C73F318835391B,VTAndroid/10b2b6b074838d066a676231dc6dc5c7fa90480aea51473d85e91b12922fc454.json
10f3646132fe3bfbe932296cd753218977cbcc86eef5526728472840cca14141,a1c966884955e617757345b882d0116c273810c3,95981ff65872652dc6166135c48456f3,cae9663cc552d87c5379e5692f09b5c3,Android,4415470,2021-04-15 04:38:47,2021-04-15 04:38:47,2021-04-15 04:38:47,16,61,0.26229508196721313,suspicious,1,1,0,0,0,0,apk|android,95981ff65872652dc6166135c48456f3.virus,VTAndroid/10f3646132fe3bfbe932296cd753218977cbcc86eef5526728472840cca14141.json
11586da630af6b88d44f9a61e1c7b4abf3753d9cd6b2d74b8e38e36881fa871b,d3290a80010aa4abd48dd788e3714d68f84129f8,455cbe504695ddf417afff9c62d6f6b4,cae9663cc552d87c5379e5692f09b5c3,Android,4415367,2021-04-15 04:38:16,2021-04-15 04:38:16,2021-04-15 04:38:16,19,59,0.3220338983050847,suspicious,1,1,0,0,0,0,apk|android,455cbe504695ddf417afff9c62d6f6b4.virus,VTAndroid/11586da630af6b88d44f9a61e1c7b4abf3753d9cd6b2d74b8e38e36881fa871b.json
1261c4ee0faba50ce193c221bcd81e8b22469420e7d6700516dcdc37ad32dbcb,52219fba3b8219e0253fdc96876a3bbc02572afb,0fdefc092751110c0fb584d8a399b293,cae9663cc552d87c5379e5692f09b5c3,Android,4414922,2021-04-15 04:38:35,2021-04-15 04:38:35,2021-04-15 04:38:35,20,59,0.3389830508474576,suspicious,1,1,0,0,0,0,apk|android,0fdefc092751110c0fb584d8a399b293.virus,VTAndroid/1261c4ee0faba50ce193c221bcd81e8b22469420e7d6700516dcdc37ad32dbcb.json
15e9d49c818d6661c4f605b1eb7a8aed2f3f05d4366888595fcce9505d47e21e,b9a3b60fd1b1a7e418e6536493ccbe9f6b9d9943,66eac537361db117bd8b2fdbbe35701e,cae9663cc552d87c5379e5692f09b5c3,Android,4415359,2021-04-15 04:37:18,2021-04-15 04:37:18,2021-04-15 04:37:18,19,63,0.30158730158730157,suspicious,1,1,0,0,0,0,apk|android,66eac537361db117bd8b2fdbbe35701e.virus,VTAndroid/15e9d49c818d6661c4f605b1eb7a8aed2f3f05d4366888595fcce9505d47e21e.json
16d883378a1311ffb67d567e3f1791406e60a401160faab6259fff19c8a0cc66,234b44a8eefc0c28b991eb82ea71ffd6fdcdd51a,56d7c2115d45f80ae7cb484152bad621,cae9663cc552d87c5379e5692f09b5c3,Android,4415367,2021-04-15 04:39:24,2021-04-15 04:39:24,2021-04-15 04:39:24,19,62,0.3064516129032258,suspicious,1,1,0,0,0,0,apk|android,56d7c2115d45f80ae7cb484152bad621.virus,VTAndroid/16d883378a1311ffb67d567e3f1791406e60a401160faab6259fff19c8a0cc66.json
198c9cf1baa3b32bc3f30ce226e2ec27fcc5d0d2117e246a87c7b802782e80bd,034214383003e572685b5abe9059a0db4e260541,93246ddec545e447a0cbd27f05244740,ea4899d77dfbf99f6d83e07f18a6959d,Android,4189791,2019-10-05 06:07:51,2021-04-15 04:33:15,2021-04-15 04:33:15,22,60,0.36666666666666664,suspicious,20,2,0,0,0,1,apk|android|reflection|via-tor,93246ddec545e447a0cbd27f05244740.apk|034214383003e572685b5abe9059a0db4e260541.apk|211778762446.apk,VTAndroid/198c9cf1baa3b32bc3f30ce226e2ec27fcc5d0d2117e246a87c7b802782e80bd.json
1a1aacac99149247ff2b0f28ee812d80051af4e62981e0f6d140eb806bc7f361,251d362754ad5a35bdaa2595bca35e774fac9aa8,42c31a4a097ba5953b872120bb8bbeaa,cae9663cc552d87c5379e5692f09b5c3,Android,4414922,2021-04-15 04:37:09,2021-04-15 04:37:09,2021-04-15 04:37:09,18,63,0.2857142857142857,suspicious,1,1,0,0,0,0,apk|android,42c31a4a097ba5953b872120bb8bbeaa.virus,VTAndroid/1a1aacac99149247ff2b0f28ee812d80051af4e62981e0f6d140eb806bc7f361.json
1bfd2e38bb9f2d917bd76569de1e8f33fc19602c6a12e24527bf5403a3b6d3e5,c412ebe0f7ef56c854eb36105dd12be5435ae7cf,4a5f10e0c9d638e51ed5d568e16f7f62,cae9663cc552d87c5379e5692f09b5c3,Android,4415367,2021-04-15 04:38:35,2021-04-15 04:38:35,2021-04-15 04:38:35,20,59,0.3389830508474576,suspicious,1,1,0,0,0,0,apk|android,4a5f10e0c9d638e51ed5d568e16f7f62.virus,VTAndroid/1bfd2e38bb9f2d917bd76569de1e8f33fc19602c6a12e24527bf5403a3b6d3e5.json
1c6ee14efdfafd48b948009a83165afaa256e9ac0fdf2d15a15320e9b63433d1,800588a39b178b85ab9f3bba99bd4752325cd872,c129126a80187adebf84dc51ec885c8a,cae9663cc552d87c5379e5692f09b5c3,Android,4417308,2021-04-15 04:36:51,2021-04-15 04:36:51,2021-04-15 04:36:51,18,60,0.3,suspicious,1,1,0,0,0,0,apk|android|mysql-communication,c129126a80187adebf84dc51ec885c8a.virus,VTAndroid/1c6ee14efdfafd48b948009a83165afaa256e9ac0fdf2d15a15320e9b63433d1.json
1ccb49fd8b5c23b60584ce6a4f8545230224fb5bdaaa4418a93d90807eaaaec2,4d070402effe45ef901208259105d48c2e2e4445,5be82d44b7c70e2a8a0230baa7a98a93,e238ca5a42646e869adbb60daa274e8a,Android,10339396,2021-04-14 07:16:45,2021-04-15 03:51:46,2021-04-15 03:51:46,17,61,0.2786885245901639,suspicious,2,1,0,0,0,0,apk|android|runtime-modules|crypto,1ccb49fd8b5c23b60584ce6a4f8545230224fb5bdaaa4418a93d90807eaaaec2_z0cNz25.apk,VTAndroid/1ccb49fd8b5c23b60584ce6a4f8545230224fb5bdaaa4418a93d90807eaaaec2.json
1ce00c6e6e3eb420edf7a27402efac153919ba5e8960fdf00231e47012ed2c67,5836c7bace435d8b18b1b578f32af7db5ae3695c,1036eb176d3286fb1eaf6a139a1f584f,cae9663cc552d87c5379e5692f09b5c3,Android,4415354,2021-04-15 04:38:41,2021-04-15 04:38:41,2021-04-15 04:38:41,20,60,0.3333333333333333,suspicious,1,1,0,0,0,0,apk|android,1036eb176d3286fb1eaf6a139a1f584f.virus,VTAndroid/1ce00c6e6e3eb420edf7a27402efac153919ba5e8960fdf00231e47012ed2c67.json
1d0556debb2812386a9bb090ececc87f0f1792449ab007962f3f34da8186a16b,5846be44c1e5645c5b63dba848d3d31c159d4820,4b98253d450d068927b63543b5839fc3,cae9663cc552d87c5379e5692f09b5c3,Android,4415367,2021-04-15 04:38:16,2021-04-15 04:38:16,2021-04-15 04:38:16,19,63,0.30158730158730157,suspicious,1,1,0,0,0,0,apk|android,4b98253d450d068927b63543b5839fc3.virus,VTAndroid/1d0556debb2812386a9bb090ececc87f0f1792449ab007962f3f34da8186a16b.json
1d1f42688a77e3002e4fc598b3aa27929571a08e1f3a0dc4fcb06db5f49e7844,a2b24003f92dd83e6398a1959524366178717b53,ea1010db26a67c01048b8aacb32c18c1,b21c86fa4d3cbc8575a8efab932e3b30,Android,7423029,2019-10-05 06:04:25,2021-04-15 04:15:20,2021-04-15 04:15:20,21,60,0.35,suspicious,24,2,0,0,0,1,apk|android|via-tor,ea1010db26a67c01048b8aacb32c18c1.apk|788169706110.apk,VTAndroid/1d1f42688a77e3002e4fc598b3aa27929571a08e1f3a0dc4fcb06db5f49e7844.json
1d741ee36fd43e4de8e9219d0a548018d78b87669ab43c7ab8be8ca469c90bd0,f8e6a44c05b31899b85fa348a034468d8c4b83f5,bfd4ce7d96ffd3fd4832668c8d4e7019,e9f2ff2fc2ab73dcce7e9b614dcae1ea,Android,4804229,2021-04-15 04:39:10,2021-04-15 04:39:10,2021-04-15 04:39:10,25,58,0.43103448275862066,suspicious,1,1,0,0,0,0,apk|android,bfd4ce7d96ffd3fd4832668c8d4e7019.virus,VTAndroid/1d741ee36fd43e4de8e9219d0a548018d78b87669ab43c7ab8be8ca469c90bd0.json
1e74dbdd4ff75f58762c5b6401c5540de31d7f9394f38c6a22a8c6446439860e,82cee0d6c385a6684c5b995ba751402c08c1b509,6c7ae72a98e982ecec0ebe14a4295b35,cae9663cc552d87c5379e5692f09b5c3,Android,4414922,2021-04-15 04:39:17,2021-04-15 04:39:17,2021-04-15 04:39:17,19,61,0.3114754098360656,suspicious,1,1,0,0,0,0,apk|android,6c7ae72a98e982ecec0ebe14a4295b35.virus,VTAndroid/1e74dbdd4ff75f58762c5b6401c5540de31d7f9394f38c6a22a8c6446439860e.json
1e9a021b87453271284e412adbd89d1193d8e51ef650a8f0f0190324eb2e15ac,bc4b247d7da531013b0787cec584acf36ec1d200,0d4c6667661e21569761d3c3b4cdccf9,cae9663cc552d87c5379e5692f09b5c3,Android,4414922,2021-04-15 04:37:29,2021-04-15 04:37:29,2021-04-15 04:37:29,19,61,0.3114754098360656,suspicious,1,1,0,0,0,0,apk|android|reflection,0d4c6667661e21569761d3c3b4cdccf9.virus,VTAndroid/1e9a021b87453271284e412adbd89d1193d8e51ef650a8f0f0190324eb2e15ac.json
1f29872e29b775434cb33a3a31924fe3002fad77efac2d3f031fa7ed44b1ca6d,9b9929878d880cc7cbe059fc12fdcc5548163d1a,587e7fecf10914f0129195d2a96738e8,cae9663cc552d87c5379e5692f09b5c3,Android,4415367,2021-04-15 04:38:59,2021-04-15 04:38:59,2021-04-15 04:38:59,20,62,0.3225806451612903,suspicious,1,1,0,0,0,0,apk|android,587e7fecf10914f0129195d2a96738e8.virus,VTAndroid/1f29872e29b775434cb33a3a31924fe3002fad77efac2d3f031fa7ed44b1ca6d.json
1fb57daaf43c95cb36484d0dc917465a68104a550de3b8ede785fd4364bde632,9b791c366da089913925a01e941239c610e0b584,e7af348baaf66071e4e89f2d976dc2a4,e9f2ff2fc2ab73dcce7e9b614dcae1ea,Android,4804231,2021-04-15 04:39:38,2021-04-15 04:39:38,2021-04-15 04:39:38,27,63,0.42857142857142855,suspicious,1,1,0,0,0,0,apk|android,e7af348baaf66071e4e89f2d976dc2a4.virus,VTAndroid/1fb57daaf43c95cb36484d0dc917465a68104a550de3b8ede785fd4364bde632.json
20df5e1ff4be673789bd3363e865c155a6acdc12078cf3c8e90307174778b5e1,36e037aa522e66d48177d40efb833374cb33c6c6,f37647484ffacddad5609c549eb26258,e9f2ff2fc2ab73dcce7e9b614dcae1ea,Android,4804235,2021-04-15 04:38:57,2021-04-15 04:38:57,2021-04-15 04:38:57,27,63,0.42857142857142855,suspicious,1,1,0,0,0,0,apk|android,f37647484ffacddad5609c549eb26258.virus,VTAndroid/20df5e1ff4be673789bd3363e865c155a6acdc12078cf3c8e90307174778b5e1.json
23491b6309e1403f1c9390974f3ba64fa378b6f587c2b4bc761fdf0b8b56c77c,970af6588fa2b440472fb9760951c144acab7d27,0a38ab81485e440d1bb10a483667594c,c8c2839ea5c71ad72a26dfb0da0c34eb,Android,20936148,2021-04-14 13:02:44,2021-04-15 03:45:52,2021-04-15 03:45:52,17,57,0.2982456140350877,suspicious,2,2,0,0,0,1,telephony|android|runtime-modules|reflection|apk,0a38ab81485e440d1bb10a483667594c.virus|iApp.Yuv5.2021.4.13_6.apk,VTAndroid/23491b6309e1403f1c9390974f3ba64fa378b6f587c2b4bc761fdf0b8b56c77c.json
2393919cba40049fd112dd06012cc49b53950349d4625e04b751bdaf7c01b407,3737a4dfc3144f4b20c3aaa3c103715b1a78daf2,c8de42b5ee7e8c44bc3f72c0ec564c22,7f1b62fa148cc4d50e05d55341eac396,Android,2264790,2019-10-05 07:28:25,2021-04-15 03:27:58,2021-04-15 03:27:58,23,62,0.3709677419354839,suspicious,19,2,0,0,0,1,apk|android|reflection|via-tor,c8de42b5ee7e8c44bc3f72c0ec564c22.apk|237763162302.apk,VTAndroid/2393919cba40049fd112dd06012cc49b53950349d4625e04b751bdaf7c01b407.json
23b389aadbdf7ca1c22d186d6c0448fcba5feaa3a6efd307c42f6cb538ded016,7f1f8ad15e895b61a300cbfa724a5c97dc905324,e5906eefcb81726881a4a30709831f85,cae9663cc552d87c5379e5692f09b5c3,Android,4415367,2021-04-15 04:38:38,2021-04-15 04:38:38,2021-04-15 04:38:38,19,61,0.3114754098360656,suspicious,1,1,0,0,0,0,apk|android,e5906eefcb81726881a4a30709831f85.virus,VTAndroid/23b389aadbdf7ca1c22d186d6c0448fcba5feaa3a6efd307c42f6cb538ded016.json
276a439412f4a29dc94a6441443b4ddc47429a9f1d22fc820f4c45e7bd2129b1,5cad76346881aa5a3c30dbf78367900f7b794f96,62c4174fdfcff7814f607a4f1635b596,cae9663cc552d87c5379e5692f09b5c3,Android,4415354,2021-04-15 04:38:15,2021-04-15 04:38:15,2021-04-15 04:38:15,19,63,0.30158730158730157,suspicious,1,1,0,0,0,0,apk|android,62c4174fdfcff7814f607a4f1635b596.virus,VTAndroid/276a439412f4a29dc94a6441443b4ddc47429a9f1d22fc820f4c45e7bd2129b1.json
291cc28724e71db197586474d2fee3d4c1e407ce9cc021923d09e5771920e5f0,e3498a5f1433ff011394a1199fa58c7eb3625e49,9a29b8144affb75be883fa662e0f9817,cae9663cc552d87c5379e5692f09b5c3,Android,4415470,2021-04-15 04:38:14,2021-04-15 04:38:14,2021-04-15 04:38:14,19,63,0.30158730158730157,suspicious,1,1,0,0,0,0,apk|android,9a29b8144affb75be883fa662e0f9817.virus,VTAndroid/291cc28724e71db197586474d2fee3d4c1e407ce9cc021923d09e5771920e5f0.json
29886156d2358f43c8126a8a39bd42bb4756e80b8d4c39003b4cc90beaddb3c9,7c48325e9dad4f36c3f02e8ab76632a3c6e10841,2fbc21961a3350cd56c4dcdd8afde801,cae9663cc552d87c5379e5692f09b5c3,Android,4415354,2021-04-15 04:37:19,2021-04-15 04:37:19,2021-04-15 04:37:19,19,63,0.30158730158730157,suspicious,1,1,0,0,0,0,apk|android,2fbc21961a3350cd56c4dcdd8afde801.virus,VTAndroid/29886156d2358f43c8126a8a39bd42bb4756e80b8d4c39003b4cc90beaddb3c9.json
2a35cb675908561c99875b46e5d91a6fef1c29b88d50017daa91684b1a402ff1,ce90c886e7c2e64c80097fbbf79cb45d49d576c2,418cafb25d07f6b2e8df11cc7ca4b446,cae9663cc552d87c5379e5692f09b5c3,Android,4414922,2021-04-15 04:39:25,2021-04-15 04:39:25,2021-04-15 04:39:25,20,62,0.3225806451612903,suspicious,1,1,0,0,0,0,apk|android,418cafb25d07f6b2e8df11cc7ca4b446.virus,VTAndroid/2a35cb675908561c99875b46e5d91a6fef1c29b88d50017daa91684b1a402ff1.json
2a4ef604544f6f5d1b2edd624cc10af13d132e26f38155bc0f7822fd78e12176,0c881730092348066588d897fa5452489be32850,c22e9c90c80e9919c9bc5967ad5ebd10,cae9663cc552d87c5379e5692f09b5c3,Android,4415367,2021-04-15 04:38:17,2021-04-15 04:38:17,2021-04-15 04:38:17,19,59,0.3220338983050847,suspicious,1,1,0,0,0,0,apk|android,c22e9c90c80e9919c9bc5967ad5ebd10.virus,VTAndroid/2a4ef604544f6f5d1b2edd624cc10af13d132e26f38155bc0f7822fd78e12176.json
2a7808c17c167f097cea164e92117d69dafbd8fd4e821a7d599bc4407e5d3714,26e5aa584a92ef5ded3829bdeb73abd523412dd8,cce59a0a6bf25f2847442d96d91ff598,cae9663cc552d87c5379e5692f09b5c3,Android,4414922,2021-04-15 04:39:30,2021-04-15 04:39:30,2021-04-15 04:39:30,18,61,0.29508196721311475,suspicious,1,1,0,0,0,0,apk|android,cce59a0a6bf25f2847442d96d91ff598.virus,VTAndroid/2a7808c17c167f097cea164e92117d69dafbd8fd4e821a7d599bc4407e5d3714.json
2b055587a0ff4ae8ae10d695e70ac0ba6bb46ccb4a76bbf4147f5ab915ac4650,3bc5aa77e2e6d90c4bd19ad05c38c4c49a1d2bc2,d4498aa0b520a9ba51726c284de7a9a6,cae9663cc552d87c5379e5692f09b5c3,Android,4414922,2021-04-15 04:38:16,2021-04-15 04:38:16,2021-04-15 04:38:16,19,63,0.30158730158730157,suspicious,1,1,0,0,0,0,apk|android,d4498aa0b520a9ba51726c284de7a9a6.virus,VTAndroid/2b055587a0ff4ae8ae10d695e70ac0ba6bb46ccb4a76bbf4147f5ab915ac4650.json
2b3fff1d6cfefd35652d9a1d2a4bacc8726568c68ee2c4af1e4588d7d44da0f7,f1aae6b0159d4729b323e8447b3bc3c919a65b27,c0e64dfd9eacab08d979ee08016d8494,0e2127a9b22bdc44d2e4fa31385904c7,Android,4867525,2019-10-16 13:34:15,2021-04-15 03:42:01,2021-04-15 03:42:01,16,62,0.25806451612903225,suspicious,22,2,0,0,0,1,apk|android|reflection|via-tor,c0e64dfd9eacab08d979ee08016d8494.apk|562877528861.apk,VTAndroid/2b3fff1d6cfefd35652d9a1d2a4bacc8726568c68ee2c4af1e4588d7d44da0f7.json
2b8bfebd0739603ab9b1e91f733c82dc5360721e7dd874d5ce981954cd9cec73,44bb461e1773a25d10a5089d7746583d489ae9cc,992faddefdf0f233c4b9b30617a728ee,4893321ad4af869cd02100dd318682e9,Android,247219,2016-11-25 21:13:31,2021-04-15 02:56:55,2021-04-15 02:56:55,16,59,0.2711864406779661,suspicious,16999,8,0,0,0,0,apk|android,FotaUpdateReboot.apk|com.adups.fota.sysoper-5.0.4.apk|AdupsFotaReboot1.apk,VTAndroid/2b8bfebd0739603ab9b1e91f733c82dc5360721e7dd874d5ce981954cd9cec73.json
2cb1b81ed632a4111a7b14b199ba95847963231f427615b355accfebe7bddbc2,5f1ef35822f6dff553d3c165e52b0f4bdab13da2,dfc5feab5bbcf8249185f51194c4477f,f246a18dd07ddc68f78c661e7d6dcf83,Android,5525352,2019-10-05 08:05:47,2021-04-15 03:40:11,2021-04-15 03:40:11,22,61,0.36065573770491804,suspicious,25,2,0,0,0,1,apk|android|via-tor,dfc5feab5bbcf8249185f51194c4477f.apk|5f1ef35822f6dff553d3c165e52b0f4bdab13da2.apk|120358969539.apk,VTAndroid/2cb1b81ed632a4111a7b14b199ba95847963231f427615b355accfebe7bddbc2.json
2e67f82884bd9edaad8854386f2e9c81c7ccba1b6dc95cf56ad79bfca5ca30b9,ddcfbd493f8f5f6c1ef352bb44711f4d88d523bf,2b1bdde7e90b294785f466562acbc396,cae9663cc552d87c5379e5692f09b5c3,Android,4415367,2021-04-15 04:36:29,2021-04-15 04:36:29,2021-04-15 04:36:29,20,62,0.3225806451612903,suspicious,1,1,0,0,0,0,apk|android,2b1bdde7e90b294785f466562acbc396.virus,VTAndroid/2e67f82884bd9edaad8854386f2e9c81c7ccba1b6dc95cf56ad79bfca5ca30b9.json
2fa6a9cde6bd6f71e0c821e8b24981ec600ea842693ebf1ced2a9f9c40023e58,7cc2b9e46d903c9fb165e13e601da05b78e9a557,f2913b1c1d366498bbe2b73094b6be6d,cae9663cc552d87c5379e5692f09b5c3,Android,4415291,2021-04-15 04:37:45,2021-04-15 04:37:45,2021-04-15 04:37:45,19,61,0.3114754098360656,suspicious,1,1,0,0,0,0,apk|android,f2913b1c1d366498bbe2b73094b6be6d.virus,VTAndroid/2fa6a9cde6bd6f71e0c821e8b24981ec600ea842693ebf1ced2a9f9c40023e58.json
306cc3fce0a24ff31a9a241de107848855c786cdc3809cf524b0e1479719adda,7e0e5345a8f732f2ed5a5ff47fb4e09bfab973ec,78bbac1f0f12217b65b8098ba80eb720,7596fdd04dba990373ab2f3da0c7dd3f,Android,20316,2021-04-15 04:41:54,2021-04-15 04:41:54,2021-04-15 04:41:54,20,59,0.3389830508474576,suspicious,1,1,0,0,0,0,dex|android,classes.dex,VTAndroid/306cc3fce0a24ff31a9a241de107848855c786cdc3809cf524b0e1479719adda.json
30bb625f4b550e97ff4378bf5ec225608de593f14d4002f3cabb2d248cbfe706,0b63a4c235daeb10d3a7d93f6a54cca92c974bb7,ed14bf59d35c5dbbd3270a26b22698cf,e9f2ff2fc2ab73dcce7e9b614dcae1ea,Android,4804226,2021-04-15 04:39:02,2021-04-15 04:39:02,2021-04-15 04:39:02,24,56,0.42857142857142855,suspicious,1,1,0,0,0,0,apk|android,ed14bf59d35c5dbbd3270a26b22698cf.virus,VTAndroid/30bb625f4b550e97ff4378bf5ec225608de593f14d4002f3cabb2d248cbfe706.json
31abb7227f8995686ba79cd44ded2b852b06762086719b5d5b7b4b3e9a1117fb,510d201de4df3873189b395b59ce104c4ac04550,1df26eff8d9e278bb6476fa83d606dfe,a1d7e7c769de23aa6b0213befccfd664,Android,341634,2021-04-15 04:19:54,2021-04-15 04:19:54,2021-04-15 04:19:54,25,64,0.390625,suspicious,1,1,0,0,0,0,apk|android,data/data/LJjPoJ.weVPsb.TuOhPw/DownFile/ister1607231410740685,VTAndroid/31abb7227f8995686ba79cd44ded2b852b06762086719b5d5b7b4b3e9a1117fb.json
31f888f6046cb678ccaa32317ef3d6740badfaa561e0257cf1998349f1473e44,40d43d19e4eb30d552a12754144aaad8d4b14fe4,55188335c774935c3e917a36623b6fc8,4f01123e080944300a1c0804db1a62b0,Android,1473484,2021-04-15 04:02:44,2021-04-15 04:02:44,2021-04-15 04:02:44,19,60,0.31666666666666665,suspicious,1,1,0,0,0,0,apk|android,/vdepot0/apk/55/18/55188335C774935C3E917A36623B6FC8,VTAndroid/31f888f6046cb678ccaa32317ef3d6740badfaa561e0257cf1998349f1473e44.json
32d17e8a7946af7c8a965491966170a6a8297d71526456edecd85d6c1e62adc6,a1d30df393878b76598a1ed6607fa6a4472566cb,8421bc25aca4f8875dcd9be19149a9e1,b3bfb528ff6407c4575aedd31dc0cdf9,Android,408895,2021-04-15 03:29:12,2021-04-15 03:29:12,2021-04-15 03:29:12,22,61,0.36065573770491804,suspicious,1,1,0,0,0,0,apk|android|xorcrypt,/vdepot0/apk/84/21/8421BC25ACA4F8875DCD9BE19149A9E1,VTAndroid/32d17e8a7946af7c8a965491966170a6a8297d71526456edecd85d6c1e62adc6.json
32e260fdfe09ed7c5ced639f68d24121961e2408496893a87d9045c1051ba209,7a9d1934c3d1ca8e61ea9b429a48051790e47816,8d9266ea831752fcec8db9ff075993b2,cae9663cc552d87c5379e5692f09b5c3,Android,4415339,2021-04-15 04:38:16,2021-04-15 04:38:16,2021-04-15 04:38:16,19,63,0.30158730158730157,suspicious,1,1,0,0,0,0,apk|android,8d9266ea831752fcec8db9ff075993b2.virus,VTAndroid/32e260fdfe09ed7c5ced639f68d24121961e2408496893a87d9045c1051ba209.json
32fd9cf5ff353bfdcde37ae006c99ea90688ab31f65eddc3c37c4b8001a4527e,596409e997a149924fd84ac7d30ba60dcf5070da,6c9208409412bbcc1e117443b69da734,e7fa80a7123c742dc28aaa3ddee61ce5,Android,8592893,2021-03-20 10:47:55,2021-04-15 04:25:18,2021-04-15 04:25:18,18,62,0.2903225806451613,suspicious,18,1,0,0,0,0,obfuscated|reflection|apk|mysql-communication|telephony|android,6c9208409412bbcc1e117443b69da734.apk,VTAndroid/32fd9cf5ff353bfdcde37ae006c99ea90688ab31f65eddc3c37c4b8001a4527e.json
33f22a83aa5608dbf21633194ac2826902e307b70c1dc2a0c6c580013983882c,5e1a02674f4b9c2feb93e30e12d8dc0159cac773,3af12418baed40304b8b18e464b62efa,,Android,4414922,2021-04-15 04:40:31,2021-04-15 04:40:31,2021-04-15 04:40:31,19,58,0.3275862068965517,suspicious,1,1,0,0,0,0,apk|android,3af12418baed40304b8b18e464b62efa.virus,VTAndroid/33f22a83aa5608dbf21633194ac2826902e307b70c1dc2a0c6c580013983882c.json
34e1c03fc6192d4b201b80279e7cc0af738802d5d30924cded59c5410d5e84c9,c82bc58cce0c583da2e4a7ad2d9d99a55b8ba266,aaeb19b1b04883fd6e4371e9fc22155a,c8b27252ff66362ebf38c6c0d5414201,Android,13982838,2019-10-12 03:09:14,2021-04-15 04:45:18,2021-04-15 04:45:18,17,61,0.2786885245901639,suspicious,22,2,0,0,0,1,apk|android|reflection|via-tor,aaeb19b1b04883fd6e4371e9fc22155a.apk|859998911259.apk,VTAndroid/34e1c03fc6192d4b201b80279e7cc0af738802d5d30924cded59c5410d5e84c9.json
35e51d456fff4b046f46d356d4678f21a329d29796508f29ff637d787fb4a0c1,787226ee7f54edbe50fde73b645d3eb959158779,1b0b6c6d13c1a11533a04a6060516cfe,e9f2ff2fc2ab73dcce7e9b614dcae1ea,Android,4804237,2021-04-15 04:37:16,2021-04-15 04:37:16,2021-04-15 04:37:16,27,63,0.42857142857142855,suspicious,1,1,0,0,0,0,apk|android,1b0b6c6d13c1a11533a04a6060516cfe.virus,VTAndroid/35e51d456fff4b046f46d356d4678f21a329d29796508f29ff637d787fb4a0c1.json
3619609d0bfae112151532cd417f99286835b01c6b0f19c5c60d4e2a222a2c3a,fd40f88f19c6e61d9b07c167e9e643ee7ab37ef9,09b96b1394233644909847f5d1be673c,cae9663cc552d87c5379e5692f09b5c3,Android,4415470,2021-04-15 04:37:19,2021-04-15 04:37:19,2021-04-15 04:37:19,19,63,0.30158730158730157,suspicious,1,1,0,0,0,0,apk|android|mysql-communication,09b96b1394233644909847f5d1be673c.virus,VTAndroid/3619609d0bfae112151532cd417f99286835b01c6b0f19c5c60d4e2a222a2c3a.json
362e1f1e1efeec1bcc090cae7a8a10ec57955248772b12c06ed05cfb4a8f7002,5fbc3d0f48a1c8607c4bc8513c8bc903c3fe8860,b0c1274361a5505129c58c938c7b5e61,2c2e76c0640fa0dde008e1bd3e12e092,Android,1932292,2020-06-15 12:40:05,2021-04-15 04:38:02,2021-04-15 04:38:02,26,62,0.41935483870967744,suspicious,5,2,0,0,0,0,apk|android,화끈톡.apk,VTAndroid/362e1f1e1efeec1bcc090cae7a8a10ec57955248772b12c06ed05cfb4a8f7002.json
366e2711bc87b96d415b4a66f388e511f5a4f30588ae77fd16f7904c56a39882,f680bd6c03f2bcbd2a6496e2dc6f6c9b14e6c261,d5db290acc9eba839a606c570aa49a6e,70377baeac202b16026ef3d03cc8bbc3,Android,938041,2021-04-15 04:36:06,2021-04-15 04:36:06,2021-04-15 04:36:06,22,63,0.3492063492063492,suspicious,1,1,0,0,0,0,obfuscated|apk|android|reflection,d5db290acc9eba839a606c570aa49a6e.virus,VTAndroid/366e2711bc87b96d415b4a66f388e511f5a4f30588ae77fd16f7904c56a39882.json
379bdca2e19b9f58f8a773a966dadb35d816f77cdf2174be022181973818be8a,504f9c505e85b74d997cb28ad91dde59f0dc4cc4,900d797d919c3681ab399985ee6f5c68,cae9663cc552d87c5379e5692f09b5c3,Android,4417308,2021-04-15 04:38:16,2021-04-15 04:38:16,2021-04-15 04:38:16,19,59,0.3220338983050847,suspicious,1,1,0,0,0,0,apk|android,900d797d919c3681ab399985ee6f5c68.virus,VTAndroid/379bdca2e19b9f58f8a773a966dadb35d816f77cdf2174be022181973818be8a.json
3b281ea178ccf086b65b3359075c3f32d986410924e476d81d1c0ded9ce8e81a,f5ea9135d478ef02c9c98d5488930770f197a12e,af82883b57bbf99a78d91851105bc373,cae9663cc552d87c5379e5692f09b5c3,Android,4415295,2021-04-15 04:37:01,2021-04-15 04:37:01,2021-04-15 04:37:01,18,63,0.2857142857142857,suspicious,1,1,0,0,0,0,apk|android,af82883b57bbf99a78d91851105bc373.virus,VTAndroid/3b281ea178ccf086b65b3359075c3f32d986410924e476d81d1c0ded9ce8e81a.json
3c157f4de73f5cfadcb161356659a3f28c0a498d14eac36d1d6f87a3ab05c224,3ef6a91bf98f966e4d8277259fc79004056bddfc,ef01c401ae31a5b0d5c05f152a01cc74,b9c05b9ad7fdb36cf2d87cb6e8e705a1,Android,27866699,2020-04-21 13:36:18,2021-04-15 04:48:08,2021-04-15 04:48:08,19,63,0.30158730158730157,suspicious,3,2,0,0,0,1,reflection|apk|runtime-modules|contains-elf|telephony|contains-pe|android,/var/www/clean-mx/virusesevidence/output.156926321.txt|taikongfeichuan2019.apk,VTAndroid/3c157f4de73f5cfadcb161356659a3f28c0a498d14eac36d1d6f87a3ab05c224.json
3c79c672a25b681dac873b2cd820f40b1142e5ebb99a4d87e8e72992fa767f4f,dba9c9448b4fdb71a2d5bc21991c0abf4acfe1bc,51f96900d148be6ff5a72c4c37912f98,cae9663cc552d87c5379e5692f09b5c3,Android,4415367,2021-04-15 04:39:28,2021-04-15 04:39:28,2021-04-15 04:39:28,19,62,0.3064516129032258,suspicious,1,1,0,0,0,0,apk|android,51f96900d148be6ff5a72c4c37912f98.virus,VTAndroid/3c79c672a25b681dac873b2cd820f40b1142e5ebb99a4d87e8e72992fa767f4f.json
3cc7de0ed3127007f0b90a7f40021e76c958533cb32b56fda068b77239a0700e,119bcbf93582114747260f567159b4c9b7c4225b,dd92c4956a12e56c6b88695d385b67f9,ea4899d77dfbf99f6d83e07f18a6959d,Android,4108361,2019-10-05 05:59:09,2021-04-15 04:33:34,2021-04-15 04:33:34,23,63,0.36507936507936506,suspicious,19,2,0,0,0,1,apk|android|reflection|via-tor,dd92c4956a12e56c6b88695d385b67f9.apk|788748506268.apk,VTAndroid/3cc7de0ed3127007f0b90a7f40021e76c958533cb32b56fda068b77239a0700e.json
3cc81141670170a8023ee7b6c09a3b5701f890b88733bc43af0ece25a9897070,c26f1815a03e15628d863af2eebacad32908cd65,869378bdefbeed82f3b86ae65fd75a98,cae9663cc552d87c5379e5692f09b5c3,Android,4417308,2021-04-15 04:37:30,2021-04-15 04:37:30,2021-04-15 04:37:30,19,60,0.31666666666666665,suspicious,1,1,0,0,0,0,apk|android,869378bdefbeed82f3b86ae65fd75a98.virus,VTAndroid/3cc81141670170a8023ee7b6c09a3b5701f890b88733bc43af0ece25a9897070.json
3dda1cda5577ec4e40e94c6cf91ce27b98e30969f82689b629b6fae4e652a726,214658599c863b87326b4e4c74cf72a544d040af,2909e7324eb7158f073ead5e36792da5,e9f2ff2fc2ab73dcce7e9b614dcae1ea,Android,4804235,2021-04-15 04:38:54,2021-04-15 04:38:54,2021-04-15 04:38:54,28,62,0.45161290322580644,suspicious,1,1,0,0,0,0,apk|android,2909e7324eb7158f073ead5e36792da5.virus,VTAndroid/3dda1cda5577ec4e40e94c6cf91ce27b98e30969f82689b629b6fae4e652a726.json
3e0626f7da76ba4c7223d2d7f4329d2c7ff300441df52d2fde7925282b31ed6d,60f0a1ca60c607763b5931eb546c6dd1ed72210d,42275f1e5ff51de67108b99e13f56cc7,cae9663cc552d87c5379e5692f09b5c3,Android,4415367,2021-04-15 04:39:24,2021-04-15 04:39:24,2021-04-15 04:39:24,20,62,0.3225806451612903,suspicious,1,1,0,0,0,0,apk|android,42275f1e5ff51de67108b99e13f56cc7.virus,VTAndroid/3e0626f7da76ba4c7223d2d7f4329d2c7ff300441df52d2fde7925282b31ed6d.json
3f37aadd753d325721d11f18657fed92f6def0943d977b53ccb6def183041ba1,36e5fd547317fd144b14fb4f88206fbf2324f09c,be385f2fdea65a2f4ab9b4c90e3ef8db,cae9663cc552d87c5379e5692f09b5c3,Android,4415586,2021-04-15 04:36:07,2021-04-15 04:36:07,2021-04-15 04:36:07,18,63,0.2857142857142857,suspicious,1,1,0,0,0,0,apk|android,be385f2fdea65a2f4ab9b4c90e3ef8db.virus,VTAndroid/3f37aadd753d325721d11f18657fed92f6def0943d977b53ccb6def183041ba1.json
3fba548556ba9052daef2308801bc8227be0f9d9acd8aa12d6b0ae642ae91497,d3039200bcfadeea0f347726d40da516ecd61d7f,5c755a5d9509cae026844090996644bb,cae9663cc552d87c5379e5692f09b5c3,Android,4415291,2021-04-15 04:35:50,2021-04-15 04:35:50,2021-04-15 04:35:50,19,62,0.3064516129032258,suspicious,1,1,0,0,0,0,apk|android,5c755a5d9509cae026844090996644bb.virus,VTAndroid/3fba548556ba9052daef2308801bc8227be0f9d9acd8aa12d6b0ae642ae91497.json
3fd9a6fbad46cd5505cd35ad75abcef06d9e33853c5af0ae4f4df8c3888541a6,dceb8522b709f23b907a0982c01e35d51ebafa00,b60bd23832b15aa381ed157917c28e08,cae9663cc552d87c5379e5692f09b5c3,Android,4415354,2021-04-15 04:38:40,2021-04-15 04:38:40,2021-04-15 04:38:40,17,58,0.29310344827586204,suspicious,1,1,0,0,0,0,apk|android,b60bd23832b15aa381ed157917c28e08.virus,VTAndroid/3fd9a6fbad46cd5505cd35ad75abcef06d9e33853c5af0ae4f4df8c3888541a6.json
3fe9d862f4808df5bc69018161efb644a72fe5e7edb479b0b6d5d72d27993877,87ca511479a19cf575b167550fa20aaccef8cae9,7f70deee7f2d6e23e2af293df72fa1f3,cae9663cc552d87c5379e5692f09b5c3,Android,4415367,2021-04-15 04:38:41,2021-04-15 04:38:41,2021-04-15 04:38:41,20,60,0.3333333333333333,suspicious,1,1,0,0,0,0,apk|android,7f70deee7f2d6e23e2af293df72fa1f3.virus,VTAndroid/3fe9d862f4808df5bc69018161efb644a72fe5e7edb479b0b6d5d72d27993877.json
401ccc100967dd5a59d462863c4a3d5d09a08e60f30485b8bd6f0e5c2ac7df77,62acf183d3cd95db0466cc3fb8a021a49ac940ce,c5b00073e045a769e47642fad78ef056,33b082956e6884a1a62ee9c5fb02a545,Android,5120189,2019-10-05 07:30:28,2021-04-15 03:32:51,2021-04-15 03:32:51,18,61,0.29508196721311475,suspicious,26,3,0,0,0,1,telephony|android|via-tor|reflection|apk,c5b00073e045a769e47642fad78ef056.apk|62acf183d3cd95db0466cc3fb8a021a49ac940ce.apk|741250760304.apk,VTAndroid/401ccc100967dd5a59d462863c4a3d5d09a08e60f30485b8bd6f0e5c2ac7df77.json
41298c463958e8e63388bed9e5c187b735479b1507a411468c7581fd506e5fc4,a998c1fb025e95f7430cad5d1c8342b632865fc3,cf3c3af098160dfdbf4d3e7c57e50200,cae9663cc552d87c5379e5692f09b5c3,Android,4415354,2021-04-15 04:37:22,2021-04-15 04:37:22,2021-04-15 04:37:22,20,60,0.3333333333333333,suspicious,1,1,0,0,0,0,apk|android,cf3c3af098160dfdbf4d3e7c57e50200.virus,VTAndroid/41298c463958e8e63388bed9e5c187b735479b1507a411468c7581fd506e5fc4.json
44443d7162bc918a52a80274fe77cfc709c189a5b654f5dc27f7947fb9fa989b,cf12f03e9768c6b0322db32112945978af0398cf,dcca65a9328a78c0c77848f88f7c582b,cae9663cc552d87c5379e5692f09b5c3,Android,4417300,2021-04-15 04:37:44,2021-04-15 04:37:44,2021-04-15 04:37:44,19,61,0.3114754098360656,suspicious,1,1,0,0,0,0,apk|android,dcca65a9328a78c0c77848f88f7c582b.virus,VTAndroid/44443d7162bc918a52a80274fe77cfc709c189a5b654f5dc27f7947fb9fa989b.json
4605472ce77cead0a0d21cfd09c33e4805473db569a7f0a42445bca94c6d7ef6,d56abf9a61e07cc5281befa1525fbde21eb19f73,ad7a2120cbaac56b9c7fcddcec16a4b7,cae9663cc552d87c5379e5692f09b5c3,Android,4415350,2021-04-15 04:37:32,2021-04-15 04:37:32,2021-04-15 04:37:32,19,60,0.31666666666666665,suspicious,1,1,0,0,0,0,apk|android,ad7a2120cbaac56b9c7fcddcec16a4b7.virus,VTAndroid/4605472ce77cead0a0d21cfd09c33e4805473db569a7f0a42445bca94c6d7ef6.json
47493f3fa9b22f75dc41f38ba58ea3182e37af05840d1bd22cd1bc9cb124cb47,458e891670f8fc81ab969c446646066e6c2a50eb,c840738a5d2a8123fb4861d1b79990ce,cae9663cc552d87c5379e5692f09b5c3,Android,4417308,2021-04-15 04:37:27,2021-04-15 04:37:27,2021-04-15 04:37:27,19,63,0.30158730158730157,suspicious,1,1,0,0,0,0,apk|android,c840738a5d2a8123fb4861d1b79990ce.virus,VTAndroid/47493f3fa9b22f75dc41f38ba58ea3182e37af05840d1bd22cd1bc9cb124cb47.json
47b6ac2e9f11283086be5c3dffb66ec477b80a959a123d325f71b4915e405042,b0c1aa9ebe5dd5c263214141c68a5250aa0793dd,c50f2edcb51d454b7f99273e773f6d84,e9f2ff2fc2ab73dcce7e9b614dcae1ea,Android,4804234,2021-04-15 04:37:38,2021-04-15 04:37:38,2021-04-15 04:37:38,26,61,0.4262295081967213,suspicious,1,1,0,0,0,0,apk|android,c50f2edcb51d454b7f99273e773f6d84.virus,VTAndroid/47b6ac2e9f11283086be5c3dffb66ec477b80a959a123d325f71b4915e405042.json
4b552c17595b706e35fe4d114f439183d21c841d2cb6445abe2f451a514a9876,5d49b3b083f47a4ed25ab6940027636f80facc37,dad9d3dad8e207d7ca5612ed6080c3f2,cae9663cc552d87c5379e5692f09b5c3,Android,4415367,2021-04-15 04:37:42,2021-04-15 04:37:42,2021-04-15 04:37:42,19,61,0.3114754098360656,suspicious,1,1,0,0,0,0,apk|android,dad9d3dad8e207d7ca5612ed6080c3f2.virus,VTAndroid/4b552c17595b706e35fe4d114f439183d21c841d2cb6445abe2f451a514a9876.json
4cdc32fca1ffd8a0570b85141ccbc0a8c5250052562e272668d65d93ded19dd6,bc6a591c8aa65bb49546e84d7b4f190447ddcc31,06850bf379783aa3ae1c3d6d78c62ab2,cae9663cc552d87c5379e5692f09b5c3,Android,4415354,2021-04-15 04:38:42,2021-04-15 04:38:42,2021-04-15 04:38:42,20,60,0.3333333333333333,suspicious,1,1,0,0,0,0,apk|android,06850bf379783aa3ae1c3d6d78c62ab2.virus,VTAndroid/4cdc32fca1ffd8a0570b85141ccbc0a8c5250052562e272668d65d93ded19dd6.json
4d30c75ff11a413209b51b2257b09c28079725ab31ead9e0bb07a15078c9239b,e0fce299c3ed1189ac0befd3c0dad95586dff02b,4123b63422f1d73fe21f2bf538322822,cae9663cc552d87c5379e5692f09b5c3,Android,4417308,2021-04-15 04:39:27,2021-04-15 04:39:27,2021-04-15 04:39:27,18,63,0.2857142857142857,suspicious,1,1,0,0,0,0,apk|android,4123b63422f1d73fe21f2bf538322822.virus,VTAndroid/4d30c75ff11a413209b51b2257b09c28079725ab31ead9e0bb07a15078c9239b.json
4fcc5afce24787bfcdeaf0ad55f31478506ff8202ff12db0d18f93e39e98380b,746e7df1bc70329097fbba217e6f15ee3c8fcdd7,7dbd8c94d3b2670ecbabaef1d371172c,cae9663cc552d87c5379e5692f09b5c3,Android,4415586,2021-04-15 04:39:12,2021-04-15 04:39:12,2021-04-15 04:39:12,20,58,0.3448275862068966,suspicious,1,1,0,0,0,0,apk|android,7dbd8c94d3b2670ecbabaef1d371172c.virus,VTAndroid/4fcc5afce24787bfcdeaf0ad55f31478506ff8202ff12db0d18f93e39e98380b.json
50023a6d019ad358c2093be7b3d3e180103422ae2fed88694f3468f14f1c8c4e,d410f2894c9582ccc022359ea2b881300a1e0c65,2d51b835d9f6eb0c8ff71e624dacb09f,7596fdd04dba990373ab2f3da0c7dd3f,Android,221144,2021-02-24 06:03:02,2021-04-15 03:19:03,2021-04-15 03:19:03,16,56,0.2857142857142857,suspicious,3,2,0,0,0,0,dex|android,/home/farm/anteroom/500/23a/50023a6d019ad358c2093be7b3d3e180103422ae2fed88694f3468f14f1c8c4e|classes.dex,VTAndroid/50023a6d019ad358c2093be7b3d3e180103422ae2fed88694f3468f14f1c8c4e.json
519a3b23541d680346df8c0f3720dfc3d925bf6229430e5c23f2d68bf43773c9,d125a3e557523a636232440cea8ee0e30e2abc38,135223e18333dcddf9c296c55a0bfe18,e9f2ff2fc2ab73dcce7e9b614dcae1ea,Android,4804236,2021-04-15 04:45:20,2021-04-15 04:45:20,2021-04-15 04:45:20,25,60,0.4166666666666667,suspicious,1,1,0,0,0,0,apk|android,135223e18333dcddf9c296c55a0bfe18.virus,VTAndroid/519a3b23541d680346df8c0f3720dfc3d925bf6229430e5c23f2d68bf43773c9.json
5c2365c5d5768809a82ed35174793a7f7d82c5b75f7067df0bd9719210027a51,69c135f529279fdf6df8d266380a065ac2783b85,9f32bad65b2fe2690f62af9bd042b712,e9f2ff2fc2ab73dcce7e9b614dcae1ea,Android,4804235,2021-04-15 04:40:23,2021-04-15 04:40:23,2021-04-15 04:40:23,28,62,0.45161290322580644,suspicious,1,1,0,0,0,0,apk|android,9f32bad65b2fe2690f62af9bd042b712.virus,VTAndroid/5c2365c5d5768809a82ed35174793a7f7d82c5b75f7067df0bd9719210027a51.json
5db30ac761cc0f1a7ddda4f13e26c75d2ce885f823b5ab5652fe22480bd53a97,739b8168a1962eada8ade6cf27fb1a4618d4d022,24bc9faa42807043988fd9a6bda2e1f8,90c926839dee538ca2f1ab609785c616,Android,3872694,2021-03-20 09:24:49,2021-04-15 03:04:46,2021-04-15 03:04:46,20,62,0.3225806451612903,suspicious,23,1,0,0,0,0,apk|android,24bc9faa42807043988fd9a6bda2e1f8.apk,VTAndroid/5db30ac761cc0f1a7ddda4f13e26c75d2ce885f823b5ab5652fe22480bd53a97.json
5ff6829f37101debc4ad8a0166a06ffa48c022d23c3061a65fbc196fd1b07240,d6012061f12a6c9b2d3a636c79caf617a22b9d29,0045b297874a39ea2f8c40e584e2f90f,1c020ba79c74fc96ad27f2975acb418a,Android,7755721,2019-10-04 20:34:36,2021-04-15 04:48:33,2021-04-15 04:48:33,17,62,0.27419354838709675,suspicious,20,2,0,0,0,1,telephony|android|apk|reflection|via-tor,0045b297874a39ea2f8c40e584e2f90f.apk|d6012061f12a6c9b2d3a636c79caf617a22b9d29.apk|662825489985.apk,VTAndroid/5ff6829f37101debc4ad8a0166a06ffa48c022d23c3061a65fbc196fd1b07240.json
60a58e35c93676e27ff97bf39d3cf45de2dc5020377ef0ff85617f0bdf8cc76f,0e969856b4e8c06565e1feae00b72d0703259e5d,845c4628127e56f0a79e044c93d0d8de,c1247154ba0a8a11398f41587e6b06a5,Android,3508443,2021-04-15 04:00:14,2021-04-15 04:00:14,2021-04-15 04:00:14,21,63,0.3333333333333333,suspicious,1,1,0,0,0,1,apk|android,gq5.apk,VTAndroid/60a58e35c93676e27ff97bf39d3cf45de2dc5020377ef0ff85617f0bdf8cc76f.json
61ac05130ddcbe28bb9aebc6ee31a1aad8a8f031ca61207f9c9d695be65c3400,d0a3129cf512914f89314448df8357b7a37b68b4,19cdb4176324d6343fa9d9b46240ed80,b3bfb528ff6407c4575aedd31dc0cdf9,Android,543961,2021-04-15 03:51:49,2021-04-15 03:51:49,2021-04-15 03:51:49,25,62,0.4032258064516129,suspicious,1,1,0,0,0,0,apk|android,/vdepot0/apk/19/CD/19CDB4176324D6343FA9D9B46240ED80,VTAndroid/61ac05130ddcbe28bb9aebc6ee31a1aad8a8f031ca61207f9c9d695be65c3400.json
61e9b77b137021705da674efcd5f27a37a33f0220c01e965fd6435bba0be07c2,86882f8fccd73513786c081b6c6505809f0d7c50,b3f378c1c7785b483abfedafe5ff782f,8ea80a596c1a5325dfac4b6ecbe92c3b,Android,8406414,2020-02-10 16:15:35,2021-04-15 03:50:28,2021-04-15 03:50:28,17,61,0.2786885245901639,suspicious,4,2,0,0,0,3,apk|android|contains-elf,/var/www/clean-mx/virusesevidence/output.156929728.txt|5577.com.longkoo.bubble.zlj.pj.apk|pplzljbaz.apk,VTAndroid/61e9b77b137021705da674efcd5f27a37a33f0220c01e965fd6435bba0be07c2.json
6222cfd7103b7fab1e9e8a58e083c709ddc31315994b25ee5c51603e3729a3a4,5a4c77726b78dbc10738d19c684b255ca8cbb99b,8eb842c486633aa99fc4317e37cc1c70,7596fdd04dba990373ab2f3da0c7dd3f,Android,178264,2020-02-23 01:14:56,2021-04-15 03:12:46,2021-04-15 03:12:46,18,60,0.3,suspicious,11,2,0,0,0,0,dex|android,/home/farm/anteroom/622/2cf/6222cfd7103b7fab1e9e8a58e083c709ddc31315994b25ee5c51603e3729a3a4|classes.dex,VTAndroid/6222cfd7103b7fab1e9e8a58e083c709ddc31315994b25ee5c51603e3729a3a4.json
63dfc21e1bfcd7f58adcc9a152b0a4686795cb6b51948bf2c7394d0c24597b81,2da1a6e6f732d35b71c5aae36e41c8c49dba4215,5828dd0470e3bbb43f4f8a00167fb312,82e108edaa74c8b48471cdbc71a73d7e,Android,5260733,2020-04-21 15:05:28,2021-04-15 03:52:18,2021-04-15 03:52:18,22,63,0.3492063492063492,suspicious,3,2,0,0,0,1,reflection|apk|runtime-modules|contains-elf|telephony|android,/var/www/clean-mx/virusesevidence/output.156929591.txt|langlaile.apk,VTAndroid/63dfc21e1bfcd7f58adcc9a152b0a4686795cb6b51948bf2c7394d0c24597b81.json
659a5b225290f01e84d1d58b60f07e2d86e00eede9a93e8ae9bf64b62e7387e0,04cdbeab26d7260aea999f26697e8dad97637fa3,38eab30ad7a99512a59feb22173fb76c,7596fdd04dba990373ab2f3da0c7dd3f,Android,4244,2019-12-12 14:26:31,2021-04-15 04:48:12,2021-04-15 04:48:12,20,60,0.3333333333333333,suspicious,12,1,0,0,0,0,dex|android,/home/farm/anteroom/659/a5b/659a5b225290f01e84d1d58b60f07e2d86e00eede9a93e8ae9bf64b62e7387e0,VTAndroid/659a5b225290f01e84d1d58b60f07e2d86e00eede9a93e8ae9bf64b62e7387e0.json
673d1badff911d54f242e62f7642fd9f0ad30de7042dd7e4c2ca10cd2eabf9e6,971d8e4eb4a54f3824f620d30210be6ec7957b0f,248757ff50cc0a741cf550da713d0811,,Android,4000047,2021-04-15 04:16:57,2021-04-15 04:16:57,2021-04-15 04:16:57,18,53,0.33962264150943394,suspicious,1,1,0,0,0,0,android,75002814,VTAndroid/673d1badff911d54f242e62f7642fd9f0ad30de7042dd7e4c2ca10cd2eabf9e6.json
67f41614f8eb08693cabae4eb7929a75b852d1e3e50f2431e9ff16acbcab901a,5267eadd05f1728918e44a20c7b073687b2429d3,5bc4edc5ebbb2edfaf8caea98e761efc,70377baeac202b16026ef3d03cc8bbc3,Android,938041,2021-04-15 04:36:08,2021-04-15 04:36:08,2021-04-15 04:36:08,22,63,0.3492063492063492,suspicious,1,1,0,0,0,0,obfuscated|apk|android|reflection,5bc4edc5ebbb2edfaf8caea98e761efc.virus,VTAndroid/67f41614f8eb08693cabae4eb7929a75b852d1e3e50f2431e9ff16acbcab901a.json
6aab2b8daaf0dfeccb5c4b96e1ff426a0b37b82f7097305ad7580a0baa37784f,9ee2c46c719afe1cee9e00dac28f4404a44d5200,d7f20f12ced3dc6de10bb3d6b2f88d36,4f01123e080944300a1c0804db1a62b0,Android,1480426,2021-04-15 03:10:17,2021-04-15 03:10:17,2021-04-15 03:10:17,22,60,0.36666666666666664,suspicious,1,1,0,0,0,0,apk|android,ms-toolkit-265.apk,VTAndroid/6aab2b8daaf0dfeccb5c4b96e1ff426a0b37b82f7097305ad7580a0baa37784f.json
6c0511a396ee87e3436f30ad6f4525ca56eac44c3c51ff1c1e46a555f843c86a,178cda215ecd25e06f1c15eebc35c31ea4728f2a,ecde53968bba04da2e1da49f09942705,f246a18dd07ddc68f78c661e7d6dcf83,Android,4187469,2019-10-05 08:09:43,2021-04-15 04:26:41,2021-04-15 04:26:41,24,60,0.4,suspicious,19,3,0,0,0,1,apk|android|via-tor,ecde53968bba04da2e1da49f09942705.apk|865112689673.apk,VTAndroid/6c0511a396ee87e3436f30ad6f4525ca56eac44c3c51ff1c1e46a555f843c86a.json
6cad9b468e34a0b50ce6d1ada14d7e55ee13206a79c5a9e3902a7bd29bd06981,e8018ef5f45b7f7964becc6fee54242aaf43c4b1,a200d95ae567a7373101c3f9be75be0c,25c8eb85e6c635b51be976bbeed34b1b,Android,3644245,2019-12-28 14:16:14,2021-04-15 03:52:27,2021-04-15 03:52:27,20,62,0.3225806451612903,suspicious,19,2,0,0,0,0,apk|android,a200d95ae567a7373101c3f9be75be0c.apk|/vdepot2/apk/A2/00/A200D95AE567A7373101C3F9BE75BE0C,VTAndroid/6cad9b468e34a0b50ce6d1ada14d7e55ee13206a79c5a9e3902a7bd29bd06981.json
715d9e827e129ccde8c7103db4f62e38ca074b2b636c942c92dcb51151c75977,6692ce1679f74a0720ba31adabbc1155c2acaa17,82a055c69163db20e13604a964d5b32f,9835c0a6159da3832e5ef3b1b4d9796c,Android,3848923,2019-10-05 05:45:36,2021-04-15 04:22:30,2021-04-15 04:22:30,22,62,0.3548387096774194,suspicious,24,2,0,0,0,1,apk|android|via-tor,82a055c69163db20e13604a964d5b32f.apk|068977210485.apk,VTAndroid/715d9e827e129ccde8c7103db4f62e38ca074b2b636c942c92dcb51151c75977.json
74818039ba61bbe9aa977b6ef444009312646c60bfd7e8f066d78be6787f3441,dc073f9efaa35e2f002805a9d33fc1d8a52a58ac,71ece92921bab4a3199b73e139e98975,e9f2ff2fc2ab73dcce7e9b614dcae1ea,Android,4804232,2021-04-15 04:40:30,2021-04-15 04:40:30,2021-04-15 04:40:30,30,64,0.46875,suspicious,1,1,0,0,0,0,apk|android,71ece92921bab4a3199b73e139e98975.virus,VTAndroid/74818039ba61bbe9aa977b6ef444009312646c60bfd7e8f066d78be6787f3441.json
7547f922bfeef5f66734b4f754a00dba56554f7eb34d510a92866c624368cbce,3e287bdb94da33c457f6eea1291138daa5c1b418,0b9a9f4d675ebbd07b84f89024904654,4f01123e080944300a1c0804db1a62b0,Android,1473310,2021-04-15 03:28:17,2021-04-15 03:28:17,2021-04-15 03:28:17,23,61,0.3770491803278688,suspicious,1,1,0,0,0,0,apk|android,/vdepot0/apk/0B/9A/0B9A9F4D675EBBD07B84F89024904654,VTAndroid/7547f922bfeef5f66734b4f754a00dba56554f7eb34d510a92866c624368cbce.json
78c15283162b68f035479c9b69c5a753dd144ac10e33ea1b8652e7745106a51d,e05c9d81de348b989cebab90fc0b79b5174e79ce,8269119a3211a5b2e249435019f8f59b,5238adbe6c1da1db1b24337c4740b6d3,Android,8111183,2019-10-12 18:13:27,2021-04-15 03:32:23,2021-04-15 03:32:23,19,62,0.3064516129032258,suspicious,22,2,0,0,0,1,reflection|runtime-modules|contains-elf|apk|via-tor|android,8269119a3211a5b2e249435019f8f59b.apk|272690519767.apk,VTAndroid/78c15283162b68f035479c9b69c5a753dd144ac10e33ea1b8652e7745106a51d.json
797c624fed12d7b586b7867a58679b16d85799222323ff9e281449a8bc567a2c,ec093b72647a4cd2d9cd0084a3a246fb3068fa80,18e2037f94ce966b929ed60437df013a,cae9663cc552d87c5379e5692f09b5c3,Android,4415339,2021-04-15 04:35:48,2021-04-15 04:35:48,2021-04-15 04:35:48,19,62,0.3064516129032258,suspicious,1,1,0,0,0,0,apk|android,18e2037f94ce966b929ed60437df013a.virus,VTAndroid/797c624fed12d7b586b7867a58679b16d85799222323ff9e281449a8bc567a2c.json
84051177952ac6648740f773cc33158e0c4a1c4e03bac0cfe679da7eec4e3fed,abdb9cc054fbb16cb3d88c555bde3fc269878018,b228d882143bddd1199e6d1b3faee64b,ea4899d77dfbf99f6d83e07f18a6959d,Android,4310729,2019-10-05 06:07:41,2021-04-15 04:19:20,2021-04-15 04:19:20,22,62,0.3548387096774194,suspicious,19,2,0,0,0,1,apk|android|reflection|via-tor,b228d882143bddd1199e6d1b3faee64b.apk|363755213562.apk,VTAndroid/84051177952ac6648740f773cc33158e0c4a1c4e03bac0cfe679da7eec4e3fed.json
870253c0b3b48fd2008c70250fe7acaf621b4946a472b69feba716a713c943be,92d423ffdc8b139831ce43bed83ebb22a5cdfb40,a7c5f6ee4f960f63f675122e4746269a,41b66fa1d8c614cecf20378aca7dc419,Android,6311033,2019-10-05 03:06:48,2021-04-15 04:44:35,2021-04-15 04:44:35,19,61,0.3114754098360656,suspicious,20,2,0,0,0,1,telephony|android|via-tor|reflection|apk,a7c5f6ee4f960f63f675122e4746269a.apk|92d423ffdc8b139831ce43bed83ebb22a5cdfb40.apk|449940909048.apk,VTAndroid/870253c0b3b48fd2008c70250fe7acaf621b4946a472b69feba716a713c943be.json
8783b08dfb8463c04c1ffa0f84fdcb743a0e3daf68da76389fd45584f6ba5669,3a904287232fce5c8e2987d35c4e45ee0a23e064,c3ac95972382574ea795f7e9afc9e985,4f01123e080944300a1c0804db1a62b0,Android,1473516,2021-04-15 04:06:43,2021-04-15 04:06:43,2021-04-15 04:06:43,20,62,0.3225806451612903,suspicious,1,1,0,0,0,0,apk|android,install.apk,VTAndroid/8783b08dfb8463c04c1ffa0f84fdcb743a0e3daf68da76389fd45584f6ba5669.json
8b932c0b788b1652e639a6e1427d4efceb54655137bbc6e69df81be19a813a04,1e0b412576eeb879aba0887a9022f797ea8d7815,0364f1a3fddde8ceb096817fb59888dd,dd0928e9fc8d2e426c6e2c6da9b24512,Android,5101776,2019-10-05 05:11:32,2021-04-15 04:34:40,2021-04-15 04:34:40,22,61,0.36065573770491804,suspicious,20,2,0,0,0,1,telephony|android|via-tor|reflection|apk,0364f1a3fddde8ceb096817fb59888dd.apk|1e0b412576eeb879aba0887a9022f797ea8d7815.apk|243721649740.apk,VTAndroid/8b932c0b788b1652e639a6e1427d4efceb54655137bbc6e69df81be19a813a04.json
9012b63e4f960b1f629a7237a65f4390628f798b2c21c63f49c27664dc8b9ffc,011e43cf456ee686aac287663610519aedbf3867,1b5ef1513d5b342808da0097fc6c1443,f75e0e4bfa09e43d41a04f9fac7b98fc,Android,1371378,2021-04-15 03:28:30,2021-04-15 03:28:30,2021-04-15 03:28:30,24,62,0.3870967741935484,suspicious,1,1,0,0,0,0,apk|android,/vdepot0/apk/1B/5E/1B5EF1513D5B342808DA0097FC6C1443,VTAndroid/9012b63e4f960b1f629a7237a65f4390628f798b2c21c63f49c27664dc8b9ffc.json
91c03c98326178f8d249c03bf7c2082a28e21476dc034d713fa80ed5e22c5059,032f09e10ba045c84c4cb28781c0e26c40457ce1,c9339470d2c5b86e977e58f75d2714cb,70377baeac202b16026ef3d03cc8bbc3,Android,938041,2021-04-15 03:01:08,2021-04-15 03:01:08,2021-04-15 03:01:08,18,62,0.2903225806451613,suspicious,1,1,0,0,0,0,apk|android,pornhub_v571_androidapkdatanet.apk,VTAndroid/91c03c98326178f8d249c03bf7c2082a28e21476dc034d713fa80ed5e22c5059.json
9259482295706b35160e2d4ee8b1e784748da2a0b227e959a6012aab179ebbf1,7b9ea2b24a752807266092855fa122011859566b,5cfa0d9cfe0d1ea98ae9c0bc570efcff,7596fdd04dba990373ab2f3da0c7dd3f,Android,675804,2019-06-06 14:07:46,2021-04-15 03:50:13,2021-04-15 03:50:13,17,54,0.3148148148148148,suspicious,24,2,0,0,0,0,dex|android,/home/farm/anteroom/925/948/9259482295706b35160e2d4ee8b1e784748da2a0b227e959a6012aab179ebbf1|classes.dex,VTAndroid/9259482295706b35160e2d4ee8b1e784748da2a0b227e959a6012aab179ebbf1.json
95336a0f396cec56bd31668ca3390773133aeee1589ea58736bbfddd62d130ea,c192920c3ebe5eeeb43b18c03e5065d7ff0afd06,f6d5cae3c517a072860ac61e52dcae78,0e1c892e2cb974e08d67c586611aee38,Android,30998244,2019-06-10 23:09:08,2021-04-15 04:21:00,2021-04-15 04:21:00,25,55,0.45454545454545453,suspicious,3,2,0,0,0,3,reflection|runtime-modules|contains-elf|apk|contains-pe|android,/var/www/clean-mx/virusesevidence/output.156927801.txt|tractorheropjb.apk|tractorheromod.pc6.apk,VTAndroid/95336a0f396cec56bd31668ca3390773133aeee1589ea58736bbfddd62d130ea.json
96e48270b3894af743f19abc0aa1de08b6738a2e9f452e1525498fd09f33889e,e5f25cad7cc2d38acdc35f06b10e3b1a26572aa6,97fa0d797a34ff2198bb512c95d7315b,5b8425a7a43a5ffdfa183bc29ca3c871,Android,9234531,2019-10-11 22:41:27,2021-04-15 04:53:32,2021-04-15 04:53:32,16,62,0.25806451612903225,suspicious,21,2,0,0,0,1,apk|android|reflection,97fa0d797a34ff2198bb512c95d7315b.apk|836939481539.apk,VTAndroid/96e48270b3894af743f19abc0aa1de08b6738a2e9f452e1525498fd09f33889e.json
998d53d44af81343a091176f91c86d074f38cde1f9cb4b663024c52cdb2b8d4d,a06f1de65bd7939ce8756784d1066596c741bee7,6dca176448ec374de4163dd5b384c9ac,4825ee886a1f03919c9e4fe301a84eb9,Android,15866312,2017-03-10 07:20:27,2021-04-15 03:23:51,2021-04-15 03:23:51,15,62,0.24193548387096775,suspicious,7,5,0,0,0,5,reflection|telephony|runtime-modules|apk|dyn-calls|android,/var/www/clean-mx/virusesevidence/output.156931024.txt|Mario.ZXC.apk|cjmla.apk|mario.zxc.apk|/var/www/clean-mx/virusesevidence/output.146023550.txt,VTAndroid/998d53d44af81343a091176f91c86d074f38cde1f9cb4b663024c52cdb2b8d4d.json
9b8df1682c8c27af6f67fc27cdb56c3d07b7d66bba4f44c03f5f956e7299aefb,4bbaf661d80bf9d797becfe188a0e29599608172,5735bd0d7d52cabf433ed0952d5aaf0f,a111c82ab0823630b82dc2cbc785a281,Android,10348074,2021-04-14 06:57:18,2021-04-15 04:49:11,2021-04-15 04:49:11,18,60,0.3,suspicious,2,2,0,0,0,0,apk|android,9b8df1682c8c27af6f67fc27cdb56c3d07b7d66bba4f44c03f5f956e7299aefb_3EUMPcn.apk,VTAndroid/9b8df1682c8c27af6f67fc27cdb56c3d07b7d66bba4f44c03f5f956e7299aefb.json
9c39e6c0222d1d5f2f897b7daacef705e47ea915bcb395b0ec3fa6886faf1eb5,ec13ffbdc7b726c2a004fa1248fa2f4108eafef0,bbbc5ef0ea89253a3967e5d1725e2449,7596fdd04dba990373ab2f3da0c7dd3f,Android,1149684,2021-02-03 20:54:38,2021-04-15 03:28:12,2021-04-15 03:28:12,17,54,0.3148148148148148,suspicious,3,2,0,0,0,0,dex|android,/home/farm/anteroom/9c3/9e6/9c39e6c0222d1d5f2f897b7daacef705e47ea915bcb395b0ec3fa6886faf1eb5|classes.dex,VTAndroid/9c39e6c0222d1d5f2f897b7daacef705e47ea915bcb395b0ec3fa6886faf1eb5.json
a2ab1611c5fa609ff679f8e2d15b5cf942215e8dfe3f89d4e9a104c7ca115f25,fbcd070abe468894b1200680162b3e191111e13e,fe7cb9ac54d5bc04a2ca2a9b92cdb359,0e76fbf01fbf96f4db8b543c3c1ed34a,Android,2452907,2021-01-31 19:35:25,2021-04-15 03:13:47,2021-04-15 03:13:47,21,62,0.3387096774193548,suspicious,19,1,0,0,0,0,apk|android|reflection,fe7cb9ac54d5bc04a2ca2a9b92cdb359.apk|fbcd070abe468894b1200680162b3e191111e13e.apk,VTAndroid/a2ab1611c5fa609ff679f8e2d15b5cf942215e8dfe3f89d4e9a104c7ca115f25.json
a579cff4001953e1c275425bc8e9b689cf272fd84172f046b855865969fed32b,917501e49fa98ee2aa8bca7c0c263f48b5af9bd5,f8c56b6db568de0593143eb1792e2abc,f75e0e4bfa09e43d41a04f9fac7b98fc,Android,1371378,2021-04-15 03:30:37,2021-04-15 03:30:37,2021-04-15 03:30:37,24,62,0.3870967741935484,suspicious,1,1,0,0,0,0,apk|android,/vdepot0/apk/F8/C5/F8C56B6DB568DE0593143EB1792E2ABC,VTAndroid/a579cff4001953e1c275425bc8e9b689cf272fd84172f046b855865969fed32b.json
a5d5f1ec779f796358dee5d7c99568c6eafb55bbf49bab7953805fce5c362e61,4c4d52d027e72b65ba22774ff492c8b336e55681,7795e708f4b440fd906187fd0f7e9bc5,0a6955e362d30ce352df5692c532c828,Android,16591510,2019-10-05 13:27:02,2021-04-15 03:01:31,2021-04-15 03:01:31,22,61,0.36065573770491804,suspicious,19,2,0,0,0,1,telephony|android|via-tor|reflection|apk,7795e708f4b440fd906187fd0f7e9bc5.apk|499185698143.apk,VTAndroid/a5d5f1ec779f796358dee5d7c99568c6eafb55bbf49bab7953805fce5c362e61.json
aa970a20d15971dc2d47be9a4916ffa455392bd20fb83b1fd2fef738ed175010,f02bb8c52beedf8582ae1a94d21210deb8442993,b351f97b85ef2a458e4beadb094676eb,1f994009bbb7a378879bedbcffe4779c,Android,453698,2021-04-15 03:25:05,2021-04-15 03:25:05,2021-04-15 03:25:05,19,63,0.30158730158730157,suspicious,1,1,0,0,0,0,apk|android,gen_signed.apk,VTAndroid/aa970a20d15971dc2d47be9a4916ffa455392bd20fb83b1fd2fef738ed175010.json
ac671889a1e7308b16271dedf4fe0acfaf88c4b949bca0f1ea75020f42cb2dd2,1a01756c011d9d8fc13e89572499ca993e987506,98243d93f05d3a7ac5fde329173d6303,7596fdd04dba990373ab2f3da0c7dd3f,Android,9800,2019-09-11 01:23:40,2021-04-15 03:02:08,2021-04-15 03:02:08,18,54,0.3333333333333333,suspicious,44,2,0,0,0,0,dex|android,/home/farm/anteroom/ac6/718/ac671889a1e7308b16271dedf4fe0acfaf88c4b949bca0f1ea75020f42cb2dd2|classes.dex,VTAndroid/ac671889a1e7308b16271dedf4fe0acfaf88c4b949bca0f1ea75020f42cb2dd2.json
aece6598a864adabdeec061e81bc259563bd3600adbec3b122415a28fb637e75,47bed951270b3e19139e181c6c89d76a6801679d,6196d5cc75a1e8d1690b0b4733446ff9,6af54ed4a4300d588c00aa78e7c4470f,Android,5935425,2019-10-05 09:20:43,2021-04-15 04:24:14,2021-04-15 04:24:14,15,62,0.24193548387096775,suspicious,20,2,0,0,0,1,apk|android|reflection|via-tor,6196d5cc75a1e8d1690b0b4733446ff9.apk|47bed951270b3e19139e181c6c89d76a6801679d.apk|209431483879.apk,VTAndroid/aece6598a864adabdeec061e81bc259563bd3600adbec3b122415a28fb637e75.json
b23534190f72cf2a58f9680c636f924f3b33eb2494dbea9e5b5486185c7ac24a,0a1513212def7f012ad1a9aa5da5dabbcc2ffe63,56a45751a78dd977683d8f5e657336a6,7596fdd04dba990373ab2f3da0c7dd3f,Android,122104,2021-04-15 02:49:35,2021-04-15 02:49:35,2021-04-15 02:49:35,19,61,0.3114754098360656,suspicious,1,1,0,0,0,0,dex|android,classes.dex,VTAndroid/b23534190f72cf2a58f9680c636f924f3b33eb2494dbea9e5b5486185c7ac24a.json
b5ce48238bfe2ee0e0c64c63340ac2da5c0df7d4c1335f47d22e2c7ee5320c95,859bce41961ee1734ba9bb62dc62a201856d992e,62260191a45b76fce4730b1356ab5e6f,7596fdd04dba990373ab2f3da0c7dd3f,Android,2611988,2020-01-31 13:55:08,2021-04-15 03:18:16,2021-04-15 03:18:16,17,59,0.288135593220339,suspicious,6,2,0,0,0,0,dex|android,/home/farm/anteroom/b5c/e48/b5ce48238bfe2ee0e0c64c63340ac2da5c0df7d4c1335f47d22e2c7ee5320c95|classes.dex,VTAndroid/b5ce48238bfe2ee0e0c64c63340ac2da5c0df7d4c1335f47d22e2c7ee5320c95.json
b74c290c7d11f6fa7a2747740569057aba80199cce71246cccc49bfdde72a457,75d05ea61cf8043852d620626a63231e45204786,6cb64163a07e0ac6d18a04f79942d610,d40a9485137088694801c3c5714213a4,Android,519112,2021-04-15 04:03:20,2021-04-15 04:03:20,2021-04-15 04:03:20,22,63,0.3492063492063492,suspicious,1,1,0,0,0,0,obfuscated|apk|android|reflection,/1/b/7/b74c290c7d11f6fa7a2747740569057aba80199cce71246cccc49bfdde72a457.file,VTAndroid/b74c290c7d11f6fa7a2747740569057aba80199cce71246cccc49bfdde72a457.json
b8d77b690d379f27f3a39e41e7cbfbd661e568a122a354444b396944deba7629,a2ea41992ecd5a562dd9bd52390a54a221581516,5e22b95f03d210ed461ef4721b12d639,9377dd3861508aeaba1de49332ac58ed,Android,6312974,2014-02-17 20:44:42,2021-04-15 03:06:21,2021-04-15 03:06:21,19,63,0.30158730158730157,suspicious,4,3,0,0,0,2,apk|checks-gps|android,/var/www/clean-mx/virusesevidence/output.156932405.txt|Minions_Superhero-D-8047.apk|cd308c03bbec34d4cf91a32d1177452408b9b669,VTAndroid/b8d77b690d379f27f3a39e41e7cbfbd661e568a122a354444b396944deba7629.json
ba763c8f17b364d4413b2b1a1bfde82d6d6639f141be4f9ffb6c7a406415e35d,cbda700b02b5c5f82c8b5c88b330c4761177e422,a37d60a413cc05c82b4eb699d3b5d7c7,8dd52aae6b2865f7f415ba4aaf5525e4,Android,7753003,2019-10-05 05:50:27,2021-04-15 04:34:13,2021-04-15 04:34:13,15,63,0.23809523809523808,suspicious,20,2,0,0,0,1,reflection|apk|contains-elf|telephony|via-tor|android,a37d60a413cc05c82b4eb699d3b5d7c7.apk|cbda700b02b5c5f82c8b5c88b330c4761177e422.apk|190247546696.apk,VTAndroid/ba763c8f17b364d4413b2b1a1bfde82d6d6639f141be4f9ffb6c7a406415e35d.json
bd5144d36586d9d400e05f45444bc0573a61f928798135e9ba326631acb76f83,627c8fe0d63a33c67f92ea582843a318cfe1cecd,cd6264dcadc3f52a39985604b7b486a4,4f01123e080944300a1c0804db1a62b0,Android,1473481,2021-04-15 04:02:53,2021-04-15 04:02:53,2021-04-15 04:02:53,22,61,0.36065573770491804,suspicious,1,1,0,0,0,0,apk|android,/vdepot0/apk/CD/62/CD6264DCADC3F52A39985604B7B486A4,VTAndroid/bd5144d36586d9d400e05f45444bc0573a61f928798135e9ba326631acb76f83.json
bed2fd877ca2a2dc742ac21f4359bf68d0ba32746f9bec958c46fc7acb01a1d7,ddf104b708863d82565c8cadc6ee28414a472f03,a336b34d3c0f617adf4de370d7397524,4f01123e080944300a1c0804db1a62b0,Android,1473481,2021-04-15 04:45:00,2021-04-15 04:45:00,2021-04-15 04:45:00,18,54,0.3333333333333333,suspicious,1,1,0,0,0,0,apk|android,/app/downloads/9.apk,VTAndroid/bed2fd877ca2a2dc742ac21f4359bf68d0ba32746f9bec958c46fc7acb01a1d7.json
c69c9ada25b8e94660f35f9bea35dbb54ba1ed1cdc7c0891c047efff381bbf66,926442aa2614f74eba40ade836a72eca204a98d8,1ca97a593c5231fe224d79a13e836c73,50381c5ac8405cfed4352b1cd1ece5bb,Android,2388463,2021-04-15 03:52:29,2021-04-15 03:52:29,2021-04-15 03:52:29,33,63,0.5238095238095238,high-confidence malicious,1,1,0,0,0,0,apk|android|sudo|reflection,google.apk,VTAndroid/c69c9ada25b8e94660f35f9bea35dbb54ba1ed1cdc7c0891c047efff381bbf66.json
c816fe45a6c26e0e26e47a4474ef78d3b33b8e4db8bb777bf1bf484276cf4b0b,039253b13abc3702b60e5514c492b85fea506cf5,7802daf0b0f8d00b4b08a08b036281ad,4f01123e080944300a1c0804db1a62b0,Android,1473481,2021-04-15 04:05:09,2021-04-15 04:05:09,2021-04-15 04:05:09,21,62,0.3387096774193548,suspicious,1,1,0,0,0,0,apk|android,"TrueCaller Premium APK v11.56.6 [MOD, Gold Unlocked] 2021.apk",VTAndroid/c816fe45a6c26e0e26e47a4474ef78d3b33b8e4db8bb777bf1bf484276cf4b0b.json
cb10236642824c2314e58ef139340a05afb090ef34c4bf3c64eae101be25f575,876a4f1585d9994105b3ad356f705e726e217b4e,cdbc442120bb15d96844b770c6ced5f8,06ac5a3f61373254760eb470cdc7eabd,Android,3532210,2019-02-06 11:57:47,2021-04-15 03:33:13,2021-04-15 03:33:13,21,63,0.3333333333333333,suspicious,3,2,0,0,0,2,apk|android|contains-elf,/var/www/clean-mx/virusesevidence/output.156930568.txt|xylgpmzxpj.apk|5577.ah80ah80.mm.pj.apk,VTAndroid/cb10236642824c2314e58ef139340a05afb090ef34c4bf3c64eae101be25f575.json
cb4db02109506ce55805bc93f9b8bbc5d979a530058d5339ed3f134fc993a0ea,d786200e5cba7bbd8d3a9320e8c5eeabf09d3e45,138e59252d41f4bd9b70f2de5c83c29d,d40a9485137088694801c3c5714213a4,Android,539584,2021-04-15 03:52:44,2021-04-15 03:52:44,2021-04-15 03:52:44,24,62,0.3870967741935484,suspicious,1,1,0,0,0,0,apk|android,/vdepot0/apk/13/8E/138E59252D41F4BD9B70F2DE5C83C29D,VTAndroid/cb4db02109506ce55805bc93f9b8bbc5d979a530058d5339ed3f134fc993a0ea.json
d2912c508898503c7fc918e3a353361b9b3525a848e916c65e616aace289b1fa,a72055c92872aabceda65f6f42e0735e2c5b1b58,806206d448d24791bab1c368d8cb07e6,ea4899d77dfbf99f6d83e07f18a6959d,Android,4151361,2019-10-05 03:34:50,2021-04-15 04:41:42,2021-04-15 04:41:42,24,60,0.4,suspicious,20,2,0,0,0,1,apk|android|reflection|via-tor,806206d448d24791bab1c368d8cb07e6.apk|a72055c92872aabceda65f6f42e0735e2c5b1b58.apk|922827834660.apk,VTAndroid/d2912c508898503c7fc918e3a353361b9b3525a848e916c65e616aace289b1fa.json
d4cdf343c9d148835b974f89aebb0f5bff3e92d5e0405badabc274bb80636e14,a09d15a6f609cfdecb1202e0ea94669303f26f89,863fc028b6275280c9d31d1fab4624d7,d40a9485137088694801c3c5714213a4,Android,519105,2021-04-15 03:12:36,2021-04-15 03:12:36,2021-04-15 03:12:36,23,63,0.36507936507936506,suspicious,1,1,0,0,0,0,apk|android,,VTAndroid/d4cdf343c9d148835b974f89aebb0f5bff3e92d5e0405badabc274bb80636e14.json
da33923e28e25c3af1afb864812353d7eef11475c3cf3c97622f2821f72a735b,36fd2da0a6a8dd453c25c3eff371f53b78d71f6d,f4066c9f20bd450a2a7d208dccb7e95c,7596fdd04dba990373ab2f3da0c7dd3f,Android,22344,2016-06-14 15:04:29,2021-04-15 03:12:40,2021-04-15 03:12:40,16,58,0.27586206896551724,suspicious,9,2,0,0,0,0,dex|apk|android,/home/farm/anteroom/da3/392/da33923e28e25c3af1afb864812353d7eef11475c3cf3c97622f2821f72a735b|classes.dex,VTAndroid/da33923e28e25c3af1afb864812353d7eef11475c3cf3c97622f2821f72a735b.json
dc277ba7f829d165c01f7e5028d8217cb051815e9ebb9433847ebf048532e63c,9b8980f7702d1eb067a4f9cd8040a5b02930ea82,7e5cd0b4ceaf7eef42618b78f0e5e76f,e238ca5a42646e869adbb60daa274e8a,Android,10732616,2021-04-12 03:10:18,2021-04-15 04:01:36,2021-04-15 04:01:36,21,63,0.3333333333333333,suspicious,5,3,0,0,0,0,reflection|apk|runtime-modules|crypto|telephony|android,dc277ba7f829d165c01f7e5028d8217cb051815e9ebb9433847ebf048532e63c_ulex2UA.apk,VTAndroid/dc277ba7f829d165c01f7e5028d8217cb051815e9ebb9433847ebf048532e63c.json
dce33f3b45b0b6377c76768d20069bb60c44f0b309a193fd54b38fbce6dd6cb6,cb00be858746840ef6826ad08985e8c6475bcaa6,9c74edbff5b35c5d1aa9da1ed9de11f7,d40a9485137088694801c3c5714213a4,Android,539585,2021-04-15 04:02:50,2021-04-15 04:02:50,2021-04-15 04:02:50,24,62,0.3870967741935484,suspicious,1,1,0,0,0,0,apk|android,/vdepot0/apk/9C/74/9C74EDBFF5B35C5D1AA9DA1ED9DE11F7,VTAndroid/dce33f3b45b0b6377c76768d20069bb60c44f0b309a193fd54b38fbce6dd6cb6.json
dfa8ca336cb11fccb23213de1ec0d20e92cb5653516a1235f242663985a3baa7,a4445d5f100b87e6e4566dfff39e8d3916c9c466,d7ea588631b07e200a2b52317b35009f,7596fdd04dba990373ab2f3da0c7dd3f,Android,728592,2017-12-02 18:55:41,2021-04-15 03:50:26,2021-04-15 03:50:26,15,58,0.25862068965517243,suspicious,3,2,0,0,0,0,dex|android,/home/farm/anteroom/dfa/8ca/dfa8ca336cb11fccb23213de1ec0d20e92cb5653516a1235f242663985a3baa7|classes.dex,VTAndroid/dfa8ca336cb11fccb23213de1ec0d20e92cb5653516a1235f242663985a3baa7.json
e1c21484a9ea3febda7651a7bf93b980b447a299bf4e9de46682ed92a80911f6,c1121172fbf79ddcc7ccd43f8e89396d0e9c8bc8,ccb222a9b0234d1f8285f58ed8ec33ac,b3bfb528ff6407c4575aedd31dc0cdf9,Android,543961,2021-04-15 04:35:36,2021-04-15 04:35:36,2021-04-15 04:35:36,25,62,0.4032258064516129,suspicious,1,1,0,0,0,0,apk|android,/vdepot0/apk/CC/B2/CCB222A9B0234D1F8285F58ED8EC33AC,VTAndroid/e1c21484a9ea3febda7651a7bf93b980b447a299bf4e9de46682ed92a80911f6.json
e23f703439996fd3350d75186ef5298ee12e7d9ad027fc92815c043f42bdba60,6d949ac87a8c85934628568d0998fd3f320c9508,42f874695753636d259f46e38c08e042,822e0bbbd22987737d9470bab60f1ac6,Android,2720445,2021-01-31 22:42:33,2021-04-15 03:02:28,2021-04-15 03:02:28,18,62,0.2903225806451613,suspicious,24,1,0,0,0,0,obfuscated|apk|android|reflection,42f874695753636d259f46e38c08e042.apk|6d949ac87a8c85934628568d0998fd3f320c9508.apk,VTAndroid/e23f703439996fd3350d75186ef5298ee12e7d9ad027fc92815c043f42bdba60.json
e3dc81b8bd930e948478e779ab41464326253595039879f00c616a237016d7ee,55ce4a7732a068518378bf957a637592fbf1fe55,ec3fe5c75075d376e3f6673a0ef9b103,7f1b62fa148cc4d50e05d55341eac396,Android,2337652,2019-10-05 07:36:14,2021-04-15 04:29:20,2021-04-15 04:29:20,22,62,0.3548387096774194,suspicious,20,2,0,0,0,1,apk|android|reflection|via-tor,ec3fe5c75075d376e3f6673a0ef9b103.apk|55ce4a7732a068518378bf957a637592fbf1fe55.apk|212829922256.apk,VTAndroid/e3dc81b8bd930e948478e779ab41464326253595039879f00c616a237016d7ee.json
ea501505d978ab84c80a95f459a048950946b4e91757254e0da7468e1e18e190,88fb62a348a333439f0ccbbee33bae7ee3890063,bd63b6a6712e2e91d9e134fa969593b3,0cbe3d87ac5ab98adff0b087846a207f,Android,97844516,2021-04-15 03:56:53,2021-04-15 03:56:53,2021-04-15 03:56:53,18,61,0.29508196721311475,suspicious,1,1,0,0,0,0,apk|android|crypto|reflection,/app/downloads/Musk_mods_v14.6.apk,VTAndroid/ea501505d978ab84c80a95f459a048950946b4e91757254e0da7468e1e18e190.json
ede06e1a0ed738bdd993aca12d01e92d860ff8e38c5d2c1d0bd5375d41e868d6,5106996d6767c7efc60ace723652067fd950692f,2ac1011124918c9af4a35fceb7efb9d0,25c8eb85e6c635b51be976bbeed34b1b,Android,3666241,2019-10-05 10:38:33,2021-04-15 03:07:04,2021-04-15 03:07:04,23,62,0.3709677419354839,suspicious,24,2,0,0,0,1,apk|android,2ac1011124918c9af4a35fceb7efb9d0.apk|293576953151.apk,VTAndroid/ede06e1a0ed738bdd993aca12d01e92d860ff8e38c5d2c1d0bd5375d41e868d6.json
f07576abef4e0a419c0bb970b1023c1ddd5f0842cfda365a88bf759488c8d286,9ce6bff3cecb1b8b287a263a03d997bac9ab2a55,c14888bc45a56206bac66c48b8a2c798,25c8eb85e6c635b51be976bbeed34b1b,Android,3587664,2019-10-05 10:30:41,2021-04-15 03:09:20,2021-04-15 03:09:20,22,61,0.36065573770491804,suspicious,25,2,0,0,0,1,apk|android|via-tor,c14888bc45a56206bac66c48b8a2c798.apk|9ce6bff3cecb1b8b287a263a03d997bac9ab2a55.apk|021805345254.apk,VTAndroid/f07576abef4e0a419c0bb970b1023c1ddd5f0842cfda365a88bf759488c8d286.json
f121993176e4a7f0d028df811594b068e44e0b8be5c66ece530742d07495b71c,aea0f5bd1fb2891f305a499978fa6a73f5b2c30e,69880c8f1e69c79ad7e13ad34630536c,dfdd4978f5d42d45262b999975a0a81a,Android,7215628,2013-12-11 17:44:17,2021-04-15 04:37:14,2021-04-15 04:37:14,27,61,0.4426229508196721,suspicious,3,3,0,0,0,3,apk|android,/var/www/clean-mx/virusesevidence/output.156927631.txt|net.nnnpnqn.koknlnmnr.apk|69880c8f1e69c79ad7e13ad34630536c.apk|顶级跑车高清壁纸大全.apk,VTAndroid/f121993176e4a7f0d028df811594b068e44e0b8be5c66ece530742d07495b71c.json
f198b739643ef6a11b8383ea3dfa9e4bed7ffd4044c718580193c5b15f1701e8,b987d17746871163349344c342d28df584fec220,abc8a585fa0adb5cdc6f031d02eba3bf,ebca905aa656b4e6c93910c674fbfd68,Android,2631322,2021-04-15 04:03:08,2021-04-15 04:03:08,2021-04-15 04:03:08,21,59,0.3559322033898305,suspicious,1,1,0,0,0,0,apk|android,/vdepot0/apk/AB/C8/ABC8A585FA0ADB5CDC6F031D02EBA3BF,VTAndroid/f198b739643ef6a11b8383ea3dfa9e4bed7ffd4044c718580193c5b15f1701e8.json
f1ff854d6830e116c367bbecf3714ca9f8013d0e433b619dc7b497058125e763,bea3fa15f104266469337c64c7cc87300f0ca1d0,9628dddc1c39fca652f3f0ace4a6e0f3,5c0d4fbdebd6dd87fb607980cf235307,Android,7418505,2019-10-04 11:01:17,2021-04-15 04:26:48,2021-04-15 04:26:48,23,61,0.3770491803278688,suspicious,26,2,0,0,0,1,telephony|android|apk|reflection|via-tor,9628dddc1c39fca652f3f0ace4a6e0f3.apk|bea3fa15f104266469337c64c7cc87300f0ca1d0.apk|093508276638.apk,VTAndroid/f1ff854d6830e116c367bbecf3714ca9f8013d0e433b619dc7b497058125e763.json
f2495576477b8e51965a65d20b09d19f0b02161733dc56867f234af5a89b6dfe,47a03599f13c154ebbcb606a06fa9bacb92574db,2e19b0357ebde656e2a8cb0c9a64c3bd,d40a9485137088694801c3c5714213a4,Android,519105,2021-04-15 04:10:45,2021-04-15 04:10:45,2021-04-15 04:10:45,21,61,0.3442622950819672,suspicious,1,1,0,0,0,0,obfuscated|apk|android|reflection,/1/f/2/f2495576477b8e51965a65d20b09d19f0b02161733dc56867f234af5a89b6dfe.file,VTAndroid/f2495576477b8e51965a65d20b09d19f0b02161733dc56867f234af5a89b6dfe.json
f63bba6d2e2d806961eec9cf682cb678c2573f1a66037b2d478923443b697be4,43a0ee39a43cd6475f6bd5e5e4de920f7b14c794,570c9ff20e4b13c752f34786a43d63e5,7f1b62fa148cc4d50e05d55341eac396,Android,2289242,2019-10-05 03:05:21,2021-04-15 04:30:47,2021-04-15 04:30:47,22,62,0.3548387096774194,suspicious,20,2,0,0,0,1,apk|android|reflection|via-tor,570c9ff20e4b13c752f34786a43d63e5.apk|43a0ee39a43cd6475f6bd5e5e4de920f7b14c794.apk|786962948513.apk,VTAndroid/f63bba6d2e2d806961eec9cf682cb678c2573f1a66037b2d478923443b697be4.json
f7ecaa6934ca339930f883a0e0d4fb40678cdf02190f6ff2473d026c555e4a82,711c761effc381fc9fb291e12360a928f089f898,bd46642dddd438aee2037a8bbded7250,4298748b077732ced8f7066569b0687b,Android,8396197,2019-10-05 07:13:54,2021-04-15 03:42:49,2021-04-15 03:42:49,15,59,0.2542372881355932,suspicious,25,2,0,0,0,1,apk|android|contains-elf|via-tor,bd46642dddd438aee2037a8bbded7250.apk|711c761effc381fc9fb291e12360a928f089f898.apk|560501933848.apk,VTAndroid/f7ecaa6934ca339930f883a0e0d4fb40678cdf02190f6ff2473d026c555e4a82.json
f96da1f96e311379b6fe2cbd487d9eae409a4a51ff155542f7fe274a73cfdd1e,ae7b8f2f1973eb218423dc430f2f8daa410c30cf,c4b79315f40ac45e8012c8b8018a336d,7c5152b8a2e031c3ff3071ac99fb71bc,Android,1595311,2021-04-15 04:29:56,2021-04-15 04:29:56,2021-04-15 04:29:56,18,61,0.29508196721311475,suspicious,1,1,0,0,0,0,apk|android,YRNSQUEECHY.apk,VTAndroid/f96da1f96e311379b6fe2cbd487d9eae409a4a51ff155542f7fe274a73cfdd1e.json
fb3fe5151fe8d20c818b0fdd169c949c877eead8134b4b4200b2af1df48463e9,9a3ad8d89c8129b78090a5c4221c24b6e138c1ff,56747782433b807d3a74c5eb02ff0213,2f4841b6d6559448f66d2942a4fd5b1a,Android,7271584,2019-10-04 20:04:30,2021-04-15 04:31:31,2021-04-15 04:31:31,17,60,0.2833333333333333,suspicious,25,2,0,0,0,1,apk|android|reflection|via-tor,56747782433b807d3a74c5eb02ff0213.apk|9a3ad8d89c8129b78090a5c4221c24b6e138c1ff.apk|469077680629.apk,VTAndroid/fb3fe5151fe8d20c818b0fdd169c949c877eead8134b4b4200b2af1df48463e9.json
